SENTENCE,ASPECT TERM,OPINION TERM,POLARITY
ଉତ୍ପାଦଟି ତାଜା ଏବଂ କୁର୍କୁରା ଥିଲା।,ଉତ୍ପାଦ,"ତାଜା,କୁର୍କୁରା",Positive
ମୁଁ ଏଠାରୁ ପୁଣିଥରେ ଅର୍ଡର କରିବି।,ଅର୍ଡର,Null,Positive
ମୁଁ ଆଶାକରୁ ଅଧିକ ରକ୍ଷଣାବେକ୍ଷଣ ଆବଶ୍ୟକ |,ରକ୍ଷଣାବେକ୍ଷଣ,Null,Neutral
ମୁଁ ରସଗୁଲ୍ଲା ଅର୍ଡର କରିବାକୁ ଯୋଜନା କରୁଥିଲି କିନ୍ତୁ ଏହିପରି ବିତରଣ ଅବଧି ସହିତ ଏହା ଖରାପ ହୋଇପାରେ |,ରସଗୁଲ୍ଲା,ଖରାପ,Neutral
ମୁଁ ରସଗୁଲ୍ଲା ଅର୍ଡର କରିବାକୁ ଯୋଜନା କରୁଥିଲି କିନ୍ତୁ ଏହିପରି ବିତରଣ ଅବଧି ସହିତ ଏହା ଖରାପ ହୋଇପାରେ |,ବିତରଣ ଅବଧି,ଖରାପ,Negative
ମୁଁ ସ୍ୱାଦ ଏବଂ ଗୁଣବତ୍ତା ପସନ୍ଦ କରେ |,ସ୍ୱାଦ, ପସନ୍ଦ,Positive
ମୁଁ ସ୍ୱାଦ ଏବଂ ଗୁଣ ପସନ୍ଦ କରେ |,ଗୁଣ, ପସନ୍ଦ,Positive
ଖଜା ବେଶ୍ ସୁସ୍ୱାଦୁ ଥିଲା।,ଖଜା,ସୁସ୍ୱାଦୁ,Positive
ବିତରଣ ବିଳମ୍ବ ହୋଇଥିଲା।,ବିତରଣ,ବିଳମ୍ବ,Negative
ସନ୍ତୋଷଜନକ ବୋଲି ଜଣାପଡ଼ିଥିଲା।,Null,ସନ୍ତୋଷଜନକ,Positive
ଏହାର ସ୍ୱାଦ ଭଲ କିନ୍ତୁ ଖଜା ଟିକେ ଟାଣ।,Null,ସ୍ୱାଦ ଭଲ,Positive
ଏହାର ସ୍ୱାଦ ଭଲ କିନ୍ତୁ ଖଜା ଟିକେ ଟାଣ।,ଖଜା,ଟାଣ,Negative
ଏହା କୁର୍କୁରା ଏବଂ ଭଲ ଭାବେ ତିଆରି ହୋଇଥିଲା।,Null,କୁର୍କୁରା,Positive
ମୂଳ ସ୍ୱାଦ ପାଇଁ ଏତେ କୁର୍କୁରା ଏବଂ ପ୍ରାମାଣିକ |,ମୂଳ ସ୍ୱାଦ,କୁର୍କୁରା,Positive
"ଖାସା ଝୋଳ ଥିଲା, ଖାଇବାକୁ ଯେମିତି ମନ ଚାହେ।",ଖାସା ଝୋଳ,Null,Positive
"ଚେନା ପୋଡ଼ାର ସୁଗନ୍ଧ ଏମିତି ଥିଲା, ହାତ ରଖିହେବା ଅସମ୍ଭବ।",ଚେନା ପୋଡ଼ା,Null,Positive
ଭଲ ପୁରୀ ଖାଜା,ପୁରୀ ଖାଜା,ଭଲ,Positive
"ହାତେ ଧରିଲା ପରେ ମନେ ହେଲା, ଆଉ କିଛି ଦରକାର ନାହିଁ।",Null,Null,Positive
"ଦହି ବରା ନିଅ ଦେଖିବାକୁ ଭଲ ଲାଗେ, ହେଲେ ଏଠି ଅଲଗା କିଛି ରହିଛି।",ଦହି ବରା,Null,Negative
ଭଲ ପ୍ୟାକେଜିଂ ସୁନିଶ୍ଚିତ କରେ ଯେ ଖଣ୍ଡ ଖଣ୍ଡ ଭାଙ୍ଗିବ ନାହିଁ।,ପ୍ୟାକେଜିଂ,ଭଲ,Positive
ମୁଁ ନିଶ୍ଚଯ଼ କହିବି ଯେ ଏହାର ବହୁତ ଭଲ ସ୍ୱାଦ ଅଛି ଏବଂ କିଣିବା ଯୋଗ୍ଯ଼ |,ସ୍ୱାଦ,"ଭଲ, କିଣିବା ଯୋଗ୍ଯ଼",Positive
"ମୁଁ ଏହା ପୁଣିଥରେ କିଣିବି ନାହିଁ, ଏତେ ଅପେକ୍ଷା କରିଥିଲି କିନ୍ତୁ ନିରାଶ କଲା।",Null,Null,Negative
ଏହି ବିସ୍କୁଟ୍‌ର ଗନ୍ଧ ଏବଂ ଗଠନ ପୂର୍ବରୁ ଭିନ୍ନ ଲାଗିଲା।,ଗନ୍ଧ ଏବଂ ଗଠନ,Null,Neutral
ଏହା ଖୁବ କୁର୍କୁରା ଥିଲା ଏବଂ ଏମିତି ହିଁ ରହିଲା।,Null,ଖୁବ କୁର୍କୁରା,Positive
ଏହା ଖୁବ ଭଲ ଭାବେ ପ୍ଯ଼ାକ୍ କରାଯାଇଥିଲା।,ପ୍ଯ଼ାକ୍,ଭଲ,Positive
ମୁଁ ପ୍ରଥମେ ଏହାକୁ ଯାତ୍ରାର ସୁବିଧା ପାଇଁ କିଣିଥିଲି।,Null,Null,Neutral
ବିତରଣ ପଦ୍ଧତି ବହୁତ ଚମତ୍କାର।,ବିତରଣ ପଦ୍ଧତି,ଚମତ୍କାର,Positive
ଗୁଣବତ୍ତା ଖରାପ ରହିଛି।,ଗୁଣବତ୍ତା,ଖରାପ,Negative
ଅତିରିକ୍ତ ମସଲା ଅନୁରୋଧ କରିବା ପୂର୍ବରୁ ସାବଧାନ ରୁହନ୍ତୁ।, ମସଲା,Null,Neutral
ଆପଣ ଏହି ମୂଲ୍ଯ ସୀମା ସହିତ ଏ1 ଗୁଣବତ୍ତା ଦେବା ଉଚିତ୍।,ମୂଲ୍ଯ ସୀମା,Null,Neutral
ମିଶ୍ରଣ ଠିକ୍ ଏବଂ ଭଲ କିନ୍ତୁ ପୁରୀରୁ ଗଜା ସମାନ ନୁହେଁ ଯେପରି ଆମେ ପୁରୀ ଉପରେ ପାଉଛୁ |,ମିଶ୍ରଣ,ଠିକ୍ ଏବଂ ଭଲ,Positive
ମିଶ୍ରଣ ଠିକ୍ ଏବଂ ଭଲ କିନ୍ତୁ ପୁରୀରୁ ଗଜା ସମାନ ନୁହେଁ ଯେପରି ଆମେ ପୁରୀ ଉପରେ ପାଉଛୁ |,ମିଶ୍ରଣ,Null,Negative
"ଜଗନ୍ନାଥ ମନ୍ଦିରରେ ଖଜା ପ୍ରସାଦ ଉତ୍କୃଷ୍ଟ, ସମାନ ଗୁଣବତ୍ତା ଆଶା କରାଯାଉଥିଲା |", ଖଜା ପ୍ରସାଦ,ଉତ୍କୃଷ୍ଟ,Positive
"ଜଗନ୍ନାଥ ମନ୍ଦିରରେ ଖଜା ପ୍ରସାଦ ଉତ୍କୃଷ୍ଟ, ସମାନ ଗୁଣବତ୍ତା ଆଶା କରାଯାଉଥିଲା |",ଗୁଣବତ୍ତା,Null,Neutral
ଖଜା ବହୁତ କୁର୍କୁରା ଏବଂ ସ୍ୱାଦିଷ୍ଟ |,ଖଜା,କୁର୍କୁରା ଏବଂ ସ୍ୱାଦିଷ୍ଟ ,Positive
ପ୍ରାମାଣିକ ଓଡ଼ିଶା ସ୍ବାଦ ଓ ରୁଚି,ସ୍ୱାଦ,ପ୍ରାମାଣିକ ,Positive
ପ୍ରାମାଣିକ ଓଡ଼ିଶା ସ୍ବାଦ ଓ ରୁଚି,ରୁଚି,ପ୍ରାମାଣିକ ,Positive
ରିତିକାର୍ଟର ପ୍ଯ଼ାକେଜିଂ ଭଲ ଏବଂ ବିତରଣ ଶୀଘ୍ର ଅଛି|,ପ୍ୟାକେଜିଂ,ଭଲ,Positive
ରିତିକାର୍ଟର ପ୍ଯ଼ାକେଜିଂ ଭଲ ଏବଂ ବିତରଣ ଶୀଘ୍ର ଅଛି|,ବିତରଣ,ଶୀଘ୍ର,Positive
ଅର୍ଡର ପରିମାଣ ଉପରେ ଥିବା ସୀମାକୁ ହଟାଇବା ଆବଶ୍ଯ଼କ।,ଅର୍ଡର ପରିମାଣ ,Null,Negative
"ବହୁତ ଖରାପ, ତେଲରୁ ଦୁର୍ଗନ୍ଧ ବାହାରୁଛି, ଏହାକୁ ଫିଙ୍ଗି ଦେବାକୁ ପଡ଼ୁଛି, ପଇସା ବର୍ବାଦ ହେଉଛି।",ତେଲ,ବହୁତ ଖରାପ,Negative
"ବହୁତ ଖରାପ, ତେଲରୁ ଦୁର୍ଗନ୍ଧ ବାହାରୁଛି, ଏହାକୁ ଫିଙ୍ଗି ଦେବାକୁ ପଡ଼ୁଛି, ପଇସା ବର୍ବାଦ ହେଉଛି।",ତେଲ, ଦୁର୍ଗନ୍ଧ ,Negative
"ବହୁତ ଖରାପ, ତେଲରୁ ଦୁର୍ଗନ୍ଧ ବାହାରୁଛି, ଏହାକୁ ଫିଙ୍ଗି ଦେବାକୁ ପଡ଼ୁଛି, ପଇସା ବର୍ବାଦ ହେଉଛି।",ପଇସା,ବର୍ବାଦ,Negative
"ଭଲ ସ୍ୱାଦ, ଆମକୁ ଏହା ଭଲ ଲାଗିଲା।",ସ୍ୱାଦ,ଭଲ,Positive
ମୁଁ ଏହାକୁ ପୁନର୍ବାର ଅର୍ଡର କରିବି।,Null,ପୁନର୍ବାର ଅର୍ଡର,Positive
ଓଡ଼ିଶାର ସୁସ୍ୱାଦୁ ଏବଂ କୁର୍କୁରା ଆରିସା ପିଠା ବହୁତ ଭଲ ଲାଗିଲା।,ଆରିସା ପିଠା,ସୁସ୍ୱାଦୁ ଏବଂ କୁର୍କୁରା,Positive
ଏହାର ଗୁଣବତ୍ତା ବହୁତ ଭଲ ଥିଲା।,ଗୁଣବତ୍ତା,ବହୁତ ଭଲ,Positive
ମୁଁ କିଛିଦିନ ତଳେ ରିତିକାର୍ଟର ଅନଲାଇନ୍ ସ୍ଟୋର୍ରୁ ଅରିସା ପିଠା କିଣିଲି।,ଆରିସା ପିଠା,Null,Neutral
ସେମାନଙ୍କର ସେବା ବହୁତ ଭଲ ଥିଲା ଏବଂ ପିଠାର ସ୍ୱାଦ ମଧ୍ଯ଼।,ସେବା,ବହୁତ ଭଲ,Positive
ସେମାନଙ୍କର ସେବା ବହୁତ ଭଲ ଥିଲା ଏବଂ ପିଠାର ସ୍ୱାଦ ମଧ୍ଯ଼ ଥିଲା।,ପିଠାର ସ୍ୱାଦ,ବହୁତ ଭଲ,Positive
ଭଲ କାମ ରିତିକାର୍ଟ ଦଳ,ରିତିକାର୍ଟ ଦଳ,ଭଲ କାମ ,Positive
ଏହି ଖାଦ୍ୟର ସ୍ୱାଦ ଫିକା ଏବଂ ଅରୁଚିକର।,ଖାଦ୍ୟର ସ୍ୱାଦ,ଫିକା ଏବଂ ଅରୁଚିକର,Negative
ପିଠାରେ ଅତ୍ଯଧିକ ତେଲ ମଧ୍ଯ଼ ଥିଲା।,ପିଠା, ଅତ୍ଯଧିକ ତେଲ,Negative
ମୁଁ ଏପର୍ଯ୍ଯ଼ନ୍ତ କିଣିଥିବା ସବୁଠାରୁ ଖରାପ ଜିନିଷ।,ଜିନିଷ,ଖରାପ,Negative
ଅନେକ ଖଣ୍ଡ ଖଣ୍ଡ ହୋଇଯାଇଥିଲା ଏବଂ ଏହା ଅଧିକ ମୋଟା ହେଉ ବୋଲି ଚାହୁଁଥିଲେ।,Null,ଖଣ୍ଡ ,Negative
ଯଦିଓ ଏହାର ସ୍ୱାଦ ଭଲ ଥିଲା।,ସ୍ୱାଦ,ଭଲ,Positive
ଗୁଣବତ୍ତା ଏବଂ ସ୍ୱାଦ ଉତ୍ତମ କିନ୍ତୁ ମୁଲ୍ୟ ଅଧିକ।,ଗୁଣବତ୍ତା, ଉତ୍ତମ,Positive
ଗୁଣବତ୍ତା ଏବଂ ସ୍ୱାଦ ଉତ୍ତମ କିନ୍ତୁ ମୁଲ୍ୟ ଅଧିକ।,ସ୍ୱାଦ, ଉତ୍ତମ,Positive
ଗୁଣବତ୍ତା ଏବଂ ସ୍ୱାଦ ଉତ୍ତମ କିନ୍ତୁ ମୁଲ୍ୟ ଅଧିକ।,ମୂଲ୍ଯ, ଅଧିକ,Negative
ଲିଆ ପାମ୍ପଡ ଖାଇବାକୁ ବହୁତ ମଜା ଲାଗିଲା।,ଲିଆ ପାମ୍ପଡ,ମଜା,Positive
"ଯେତେବେଳେ ଏହି ପାମ୍ପଡ ଆପଣଙ୍କ ଖାଦ୍ଯ଼ରେ ଥାଏ, ଆପଣଙ୍କୁ କୌଣସି ପାଖର ଖାଦ୍ୟର ଆବଶ୍ଯ଼କତା ନାହିଁ।",ପାମ୍ପଡ,Null,Positive
ପାମ୍ପଡ ଯଥେଷ୍ଟ ମୋଟା ଥିଲା |,ପାମ୍ପଡ,ଯଥେଷ୍ଟ ମୋଟା,Negative
ପାମ୍ପଡଟି ସମ୍ପୂର୍ଣ୍ଣ ତିଲରେ ଆବୃତ ହୋଇଛି।,ପାମ୍ପଡ,ସମ୍ପୂର୍ଣ୍ଣ ତିଲରେ ଆବୃତ,Neutral
"ମୋର ଅର୍ଡର ଏକ ମାସରୁ ଅଧିକ ସମଯ଼ ପୂର୍ବରୁ ବିତରଣ କରାଯାଇଥିଲା, ତଥାପି ପାମ୍ପଡ ତାଜା |",ଅର୍ଡର,Null,Neutral
"ମୋର ଅର୍ଡର ଏକ ମାସରୁ ଅଧିକ ସମଯ଼ ପୂର୍ବରୁ ବିତରଣ କରାଯାଇଥିଲା, ତଥାପି ପାମ୍ପଡ ତାଜା |",ପାମ୍ପଡ,ତାଜା,Positive
ପ୍ଯ଼ାକେଜିଂ ଭଲ ଥିଲା।,ପ୍ୟାକେଜିଂ,ଭଲ,Positive
ଉତ୍ପାଦଗୁଡ଼ିକ ଅକ୍ଷୁର୍ଣ୍ଣ ଭାବେ ଗ୍ରହଣ କରାଯାଇଥିଲା।,ଉତ୍ପାଦ,ଭଲ,Positive
ଉଚ୍ଚ ଗୁଣବତ୍ତାର ତାଜା ଜଳଖିଆ ଓ ଅଦ୍ଭୁତ ସ୍ବାଦ।,ଜଳଖିଆ,ଭଲ,Positive
ଉଚ୍ଚ ଗୁଣବତ୍ତାର ତାଜା ଜଳଖିଆ ଓ ଅଦ୍ଭୁତ ସ୍ବାଦ।,ସ୍ୱାଦ,ଭଲ,Positive
ଉତ୍କୃଷ୍ଟ ଉତ୍ପାଦ ସ୍ୱାଦିଷ୍ଟ ଏବଂ କୁର୍କୁରା |,ଉତ୍ପାଦ,ଭଲ,Positive
"ଭଲ ମିଶ୍ରଣ ଥିଲା, ଯଥେଷ୍ଟ ମାତ୍ରାରେ।",ମିଶ୍ରଣ,ଭଲ,Positive
ଭୁବନେଶ୍ୱରର ପ୍ରସିଦ୍ଧ ମୁଖାରୁଚି ମିଶ୍ରଣ-500 ଗ୍ରାମ, ମୁଖାରୁଚି ମିଶ୍ରଣ,ସାଧାରଣ,Neutral
ଉପଯୁକ୍ତ ପ୍ଯ଼ାକେଜିଂ ସହିତ ଓଡ଼ିଶାରୁ ଅର୍ଡର କରାଯାଇଥିବା ଖାଦ୍ଯ଼ ସାମଗ୍ରୀର ସମଯ଼ୋଚିତ ବିତରଣ।,ବିତରଣ,ଭଲ,Positive
ଉପଯୁକ୍ତ ପ୍ଯ଼ାକେଜିଂ ସହିତ ଓଡ଼ିଶାରୁ ଅର୍ଡର କରାଯାଇଥିବା ଖାଦ୍ଯ଼ ସାମଗ୍ରୀର ସମଯ଼ୋଚିତ ବିତରଣ।,ପ୍ୟାକେଜିଂ,ଭଲ,Positive
ଅତ୍ଯ଼ଧିକ ମହଙ୍ଗା,Null,ଖରାପ,Negative
ଏହି ୱେବ୍ସାଇଟରୁ ମୋର ପ୍ରଥମ ଅର୍ଡର ସଫଳ ହୋଇଥିବାରୁ ମୁଁ ଏହି ସମୀକ୍ଷା କରି ଖୁସି।,ୱେବ୍ସାଇଟ,ଭଲ,Positive
"ପ୍ରଥମେ, ମୋର ଟଙ୍କା କଟିଯାଇଥିଲା ଏବଂ ଅର୍ଡର ସଫଳ ହୋଇନଥିଲା।",ଅର୍ଡର,ଖରାପ,Negative
ତେଣୁ କ'ଣ ହେବ ସେ ନେଇ ମୁଁ ଚିନ୍ତିତ ଥିଲି।,Null,ସାଧାରଣ,Neutral
କିନ୍ତୁ ମୋତେ ଏହି ପାର୍ଶ୍ୱରୁ କଲ୍ ଆସିଥିଲା ଏବଂ ସେମାନେ ମୋର ଅର୍ଡର ଠିକ୍ ସମୟରେ ପଠାଇଥିଲେ।, ଅର୍ଡର,ଭଲ,Positive
"ସବୁଠାରୁ ଭଲ କଥା ହେଉଛି, ସେମାନଙ୍କର ପ୍ୟାକେଜିଂ ପଦ୍ଧତି ଏତେ ଭଲ।",ପ୍ୟାକେଜିଂ ପଦ୍ଧତି,ଭଲ,Positive
ଭଲ ପ୍ଯ଼ାକେଜିଂ ଏବଂ ଭଲ ମୁଲ୍ୟରେ ବିତରଣ,ପ୍ୟାକେଜିଂ,ଭଲ,Positive
ଭଲ ପ୍ଯ଼ାକେଜିଂ ଏବଂ ଭଲ ମୁଲ୍ୟରେ ବିତରଣ,ବିତରଣ,ଭଲ,Positive
ଏବଂ ସୁରକ୍ଷିତ ପ୍ଯ଼ାକିଂ।,ପ୍ଯ଼ାକିଂ,ଭଲ,Positive
ଉତ୍ପାଦ ମଧ୍ଯ ବହୁତ ଭଲ।,ଉତ୍ପାଦ,ଭଲ,Positive
"ପ୍ରତ୍ଯ଼େକ ପଇସା ଖର୍ଚ୍ଚ କରିବା ମୂଲ୍ଯ଼ବାନ, ଭଲ କାମ ଜାରି ରଖନ୍ତୁ |",ପଇସା,ଭଲ,Positive
"ପ୍ରତ୍ଯ଼େକ ପଇସା ଖର୍ଚ୍ଚ କରିବା ମୂଲ୍ଯ଼ବାନ, ଭଲ କାମ ଜାରି ରଖନ୍ତୁ |",କାମ,ଭଲ,Positive
ସାମଗ୍ରିକ ବିତରଣ ଅନୁଭବ ଏବଂ ଉତ୍ପାଦ ଗୁଣବତ୍ତା ସହିତ ଅତ୍ଯ଼ଧିକ ସନ୍ତୁଷ୍ଟ |,ବିତରଣ ଅନୁଭବ,ଭଲ,Positive
ସାମଗ୍ରିକ ବିତରଣ ଅନୁଭବ ଏବଂ ଉତ୍ପାଦ ଗୁଣବତ୍ତା ସହିତ ଅତ୍ଯ଼ଧିକ ସନ୍ତୁଷ୍ଟ |,ଉତ୍ପାଦ ଗୁଣବତ୍ତା,ଭଲ,Positive
ଭଲ କରିଛନ୍ତି।,Null,ଭଲ,Positive
ମୁଁ ମୋର ବନ୍ଧୁମାନଙ୍କଠାରୁ ଏହି ଉତ୍ପାଦ ବିଷଯ଼ରେ ଶୁଣିଥିଲି।,ଉତ୍ପାଦ,ସାଧାରଣ,Neutral
ଏବଂ ଏହା ସମ୍ପୂର୍ଣ୍ଣ ଭାବେ ମୋର ଆଶା ପୂରଣ କରିଥିଲା।,ଆଶା,ଭଲ,Positive
ପୋଡ଼ପିଠାର ତଳ ସଫା ନ ଥିଲା।,ପୋଡ଼ପିଠା,ଖରାପ,Negative
5 ଅତି ଉତ୍ତମ ଗୁଣବତ୍ତା,ଗୁଣବତ୍ତା,ଭଲ,Positive
ସବୁ କିଛି ଠିକ୍ ଠାକ୍ ଥିଲା।,ସବୁ କିଛି,ଭଲ,Positive
"କେବଳ ମିଶ୍ରଣ ନୁହେଁ, ରିତିକାର୍ଟ ପରିବାରର ସମସ୍ତ ସଦସ୍ୟ ଖୁବ ପରିଶ୍ରମୀ ଏବଂ ଗ୍ରାହକ କେନ୍ଦ୍ରିୟ ଅଛନ୍ତି।",ମିଶ୍ରଣ,ଭଲ,Positive
"କେବଳ ମିଶ୍ରଣ ନୁହେଁ, ରିତିକାର୍ଟ ପରିବାରର ସମସ୍ତ ସଦସ୍ୟ ଖୁବ ପରିଶ୍ରମୀ ଏବଂ ଗ୍ରାହକ କେନ୍ଦ୍ରିୟ ଅଛନ୍ତି।",ରିତିକାର୍ଟ ପରିବାରର ସମସ୍ତ ସଦସ୍ୟ,ଭଲ,Positive
ଭଲ ଗୁଣବତ୍ତା ରହିଛି।,ଗୁଣବତ୍ତା,ଭଲ,Positive
ଦହିପୋହା ସହିତ ତୀକ୍ଷ୍ଣ ନିମ୍ବୁ ପତ୍ର ତୁଳିଥିଲା।,ତୀକ୍ଷ୍ଣ ନିମ୍ବୁ ପତ୍ର,ସାଧାରଣ,Neutral
"ଏହି ମିଶ୍ରଣଟି ପ୍ରକୃତରେ ଚମତ୍କାର ଥିଲା, ଅଦ୍ଭୁତ ସ୍ୱାଦ ଥିଲା।",ମିଶ୍ରଣ,ଭଲ,Positive
ପ୍ରାମାଣିକ ଓଡ଼ିଶାର ମିଶ୍ରଣ ସ୍ୱାଦ ।,ଓଡ଼ିଶାର ମିଶ୍ରଣ,ଭଲ,Positive
ଗୁଣବତ୍ତା ବାସ୍ତବରେ ଭଲ।,ଗୁଣବତ୍ତା,ଭଲ,Positive
ରିତିକାର୍ଟ ପ୍ଯ଼ାକେଜିଂରେ ଅତିରିକ୍ତ ଯତ୍ନ ନେଇଥିଲେ।,ପ୍ଯ଼ାକେଜିଂ,ଭଲ,Positive
ଏହି ମିଶ୍ରଣର ସ୍ୱାଦ ଚାଖିବା ପାଇଁ ସୁପାରିସ କରାଯାଏ।,ମିଶ୍ରଣର ସ୍ୱାଦ,ଭଲ,Positive
ଜଳଖିଆ ଭଲ ଲାଗିଲା।,ଜଳଖିଆ,ଭଲ,Positive
ଉତ୍ପାଦ ପଛରେ ଥିବା ସମସ୍ତଙ୍କୁ ଧନ୍ଯ଼ବାଦ।,ଉତ୍ପାଦ,ଭଲ,Positive
ମୁଁ ଏହାକୁ ନିଯ଼ମିତ ଭାବରେ ରିତିକାର୍ଟଙ୍କଠାରୁ ଅର୍ଡର କରୁଛି।,ରିତିକାର୍ଟ,ଭଲ,Positive
ଓଡ଼ିଶା ମିଶ୍ରଣର ପ୍ରକୃତ ସ୍ୱାଦ।,ଓଡ଼ିଶାର ମିଶ୍ରଣ,ଭଲ,Positive
ଆପଣଙ୍କ ମହାନ ସେବା ପାଇଁ ରିତିକାର୍ଟଙ୍କୁ ଧନ୍ଯବାଦ।,ରିତିକାର୍ଟ,ଭଲ,Positive
ଖଜାର ଲୁଣ କମ ଥିଲା।,ଖଜାର ଲୁଣ,ଖରାପ,Negative
ମୁଁ କେବଳ ରିତିକାର୍ଟଙ୍କ ପୋର୍ଟାଲରେ ସବୁଠାରୁ ଭଲ ମୁଖରୁଚି ମିଶ୍ରଣ ପାଇଛି।,ମୁଖରୁଚି ମିଶ୍ରଣ,ଭଲ,Positive
ମୁଁ କେବଳ ରିତିକାର୍ଟଙ୍କ ପୋର୍ଟାଲରେ ସବୁଠାରୁ ଭଲ ମୁଖରୁଚି ମିଶ୍ରଣ ପାଇଛି।,ରିତିକାର୍ଟଙ୍କ ପୋର୍ଟାଲ,ଭଲ,Positive
ମୁଁ ମୁମ୍ବାଇରେ ରୁହେ ଏବଂ କିଛିଦିନ ତଳେ ସେମାନଙ୍କ ମାଧ୍ଯ଼ମରେ ଭୁବନେଶ୍ୱରର ମୁଖରୁଚି ମିଶ୍ରଣ ଅର୍ଡର କରିଛି।,ମୁଖରୁଚି ମିଶ୍ରଣ,ସାଧାରଣ,Neutral
"ସର୍ବପ୍ରଥମେ, ବହୁତ ଶୀଘ୍ର ଅର୍ଡର ପୂରଣ କରିଥିବାରୁ ସେମାନଙ୍କ କାର୍ଯ୍ୟ ଦଳକୁ ବହୁତ ଧନ୍ଯ଼ବାଦ।",କାର୍ଯ୍ୟ ଦଳ,ଭଲ,Positive
"ସର୍ବପ୍ରଥମେ, ବହୁତ ଶୀଘ୍ର ଅର୍ଡର ପୂରଣ କରିଥିବାରୁ ସେମାନଙ୍କ କାର୍ଯ୍ୟ ଦଳକୁ ବହୁତ ଧନ୍ଯ଼ବାଦ।",ଅର୍ଡର,ଭଲ,Positive
"ଆହୁରି ମଧ୍ଯ଼, ଯେତେବେଳେ ମୁଁ ଜିନିଷଟି ପାଇଲି, ତାହା ଯେତେ ସମ୍ଭବ ସତେଜ ହୋଇଥାଏ।",ଜିନିଷ,ଭଲ,Positive
"ତେଣୁ, ସେମାନଙ୍କର ସମଗ୍ର ଦଳ ପାଇଁ ଡବଲ୍ ଅଙ୍ଗୁଠି। ଧନ୍ଯ଼ବାଦ୍।",ଦଳ,ଭଲ,Positive
"ନମସ୍କାର ଦଳ, ମିଶ୍ରଣ ଏବଂ ପ୍ଯ଼ାକିଂ ସବୁ ଭଲ ଥିଲା।",ଦଳ,ସାଧାରଣ,Neutral
ପାଇଠା ସହ ଆମ୍ବ ପାନା ପାଇଠା ସଂଗ୍ରହଣ କରିବାର ଉପାୟ ଖୁସି ଲାଗିଲା।,ପାଇଠା ସଂଗ୍ରହଣ କରିବାର ଉପାୟ,ଭଲ,Positive
"ନମସ୍କାର ଦଳ, ମିଶ୍ରଣ ଏବଂ ପ୍ଯ଼ାକିଂ ସବୁ ଭଲ ଥିଲା।",ମିଶ୍ରଣ,ଭଲ,Positive
"ନମସ୍କାର ଦଳ, ମିଶ୍ରଣ ଏବଂ ପ୍ଯ଼ାକିଂ ସବୁ ଭଲ ଥିଲା।",ପ୍ୟାକେଜିଂ,ଭଲ,Positive
"ତଥାପି, ଏହା ବିତରଣ କରିବାକୁ ପ୍ରାଯ଼ 14 ଦିନ ସମଯ଼ ନେଇଥିଲା ଯାହା ଏକ ଅସାଧାରଣ ଦୀର୍ଘ ସମଯ଼ |",ବିତରଣ,ଖରାପ,Negative
ଭୁବନେଶ୍ୱରରୁ 2 ରୁ 3 ଦିନ ମଧ୍ଯ଼ରେ ମୋର ମାଲସାମାନ ପହଞ୍ଚିଯାଇଛି।,ମାଲସାମାନ,ଭଲ,Positive
"ଏପରିକି 5-7 ଦିନ ମଧ୍ଯ ଠିକ୍ ଅଛି, କିନ୍ତୁ 14 ଦିନ ବହୁତ କିଛି।",Null,ଖରାପ,Negative
ମୁଁ ରସଗୁଲ୍ଲା ଅର୍ଡର କରିବାକୁ ଯୋଜନା କରୁଥିଲି କିନ୍ତୁ ଏହିପରି ବିତରଣ ଅବଧି ସହିତ ଏହା ଖରାପ ହୋଇପାରେ |,ରସଗୁଲ୍ଲା,ଖରାପ,Negative
ତେଣୁ ଆଶା କରୁଛି ଭବିଷ୍ଯ଼ତରେ ଆପଣଙ୍କର ବିତରଣ ସମଯ଼ କମ୍ ରହିବ!,ବିତରଣ ସମଯ଼,ସାଧାରଣ,Neutral
"ଆପଣମାନେ ଯେଉଁ ପଦକ୍ଷେପ ଆରମ୍ଭ କରିଛନ୍ତି, ସେଥିରେ ମୁଁ ଖୁସି!",ପଦକ୍ଷେପ,ଭଲ,Positive
ମୋ ଘରେ ଓଡ଼ିଶାର ଖାଦ୍ଯ ପାଇବା ଅତ୍ଯ଼ନ୍ତ ଆନନ୍ଦଦାଯ଼କ।,ଓଡ଼ିଶାର ଖାଦ୍ଯ,ଭଲ,Positive
ଭବିଷ୍ଯ଼ତରେ ଆପଣ ନିଶ୍ଚିତ ଭାବରେ ମୋଠାରୁ ଅନେକ ଅର୍ଡର ପାଇବେ।,ଅର୍ଡର,ଭଲ,Positive
ଏହି ଜଳଖିଆର ସ୍ୱାଦ ଖୁବ ଭଲ।,ଜଳଖିଆ,ଭଲ,Positive
"ତଥାପି, ମୁଁ ଟିକିଏ ମସଲାଯୁକ୍ତ ପସନ୍ଦ କରିଥିବି।",ମସଲାଯୁକ୍ତ,ସାଧାରଣ,Neutral
ଝୋଳ ରସାର ଘନତା ଏକଦମ ଠିକ୍ ଥିଲା।,ଝୋଳ ରସାର ଘନତା,ଭଲ,Positive
ଦଯ଼ାକରି ମୋତେ ଜଣାନ୍ତୁ ଯେ ସମାନ ମିଶ୍ରଣ ଟିକେ ମସଲାଯୁକ୍ତ ପ୍ରକାରରେ ଉପଲବ୍ଧ କି।,ମିଶ୍ରଣ,ସାଧାରଣ,Neutral
ମୋ ପାଖରେ ଥିବା ସର୍ବୋତ୍ତମ ଜଳଖିଆ ମଧ୍ଯ଼ରୁ ଗୋଟିଏ |,ଜଳଖିଆ,ଭଲ,Positive
"ଯଦି ଆପଣ ଅଧିକ ମସଲାଯୁକ୍ତ, ମଧ୍ଯ଼ମ ମସଲାଯୁକ୍ତ ଏବଂ କମ୍ ମସଲାଯୁକ୍ତ ପରି ଏହାର ଅଧିକ ପ୍ରକାର ପାଇପାରିବେ ତେବେ ଏହା ଭଲ ହେବ |",Null,ସାଧାରଣ,Neutral
ଏକ ସପ୍ତାହରୁ କମ୍ ସମଯ଼ ମଧ୍ଯ଼ରେ ମୋ ଘରେ ମିଶ୍ରଣଟି ପହଞ୍ଚିଲା।,ମିଶ୍ରଣ,ଭଲ,Positive
ସେମାନେ ଏହାକୁ ଭଲ ଭାବେ ପ୍ଯ଼ାକ୍ କରିଥିଲେ।,ପ୍ଯ଼ାକ୍,ଭଲ,Positive
ବହୁତ ତାଜା ଏବଂ କୁର୍କୁରା।,Null,ଭଲ,Positive
ଭଲ କାମ।,କାମ,ଭଲ,Positive
ବହୁତ ଭଲ।,Null,ଭଲ,Positive
ଘରୋଇ ଭାବନା ପାଇଁ ଧନ୍ଯବାଦ।,ଘରୋଇ ଭାବନା,ଭଲ,Positive
"ମୋର ଏବେ ବି ମନେ ଅଛି, ପିଲାଦିନେ ଆମେ ନିକଟସ୍ଥ କିରାନା ଦୋକାନରୁ ମିଶ୍ରଣ କିଣୁଥିଲୁ।",ମିଶ୍ରଣ,ସାଧାରଣ,Neutral
"ଦୋକାନୀ ଏହାକୁ ଏକ କାଗଜ ଖଣ୍ଡରେ ପ୍ଯ଼ାକ୍ କରୁଥିଲେ ଏବଂ କେବଳ ଏତିକି, ମୁଁ ଏହାର ସ୍ୱାଦ କେବେବି ଭୁଲି ପାରିବି ନାହିଁ।",ସ୍ୱାଦ,ଭଲ,Positive
ଏହି ମିଶ୍ରଣ ମୋତେ ତାହା ମନେ ପକାଉଛି।,ମିଶ୍ରଣ,ସାଧାରଣ,Neutral
ଭୀତର ଗୁଣସ୍ତର ଅସାଧାରଣ ଥିଲା।,ଗୁଣସ୍ତର,ଭଲ,Positive
"କିନ୍ତୁ ପୁଣିଥରେ, ପ୍ଯ଼ାକେଟ୍ ଉପରେ ଉତ୍ପାଦନ ବିବରଣୀ ଅନୁପସ୍ଥିତ ଦେଖି ମୁଁ ନିରାଶ ହୋଇଥିଲି। (ତେଣୁ 4 *)",ଉତ୍ପାଦନ ବିବରଣୀ,ଖରାପ,Negative
"ଶୀଘ୍ର ପରିବହନ, ଶ୍ରେଣୀରେ ସର୍ବୋତ୍ତମ, ଭଲ ଭାବରେ ପ୍ଯ଼ାକ୍ ହୋଇଛି",ପରିବହନ,ଭଲ,Positive
"ଶୀଘ୍ର ପରିବହନ, ଶ୍ରେଣୀରେ ସର୍ବୋତ୍ତମ, ଭଲ ଭାବରେ ପ୍ଯ଼ାକ୍ ହୋଇଛି",ଶ୍ରେଣୀ,ଭଲ,Positive
"ଶୀଘ୍ର ପରିବହନ, ଶ୍ରେଣୀରେ ସର୍ବୋତ୍ତମ, ଭଲ ଭାବରେ ପ୍ଯ଼ାକ୍ ହୋଇଛି",ପ୍ଯ଼ାକ୍,ଭଲ,Positive
ତରକାରୀରେ ସାରାଂଗୀ ଆହୁରି ଖରାପ ଲାଗିଲା।,ସାରାଂଗୀ,ଖରାପ,Negative
ଜିନିଷଟି ଚମତ୍କାର ଥିଲା।,ଜିନିଷ,ଭଲ,Positive
ପିଠା ତିଆରି ତରୀକା ବଢ଼ିଆ ଲାଗିଲା।,ପିଠା ତିଆରି ତରୀକା,ଭଲ,Positive
ଘରେ ଥିବା ଭଳି ଅନୁଭବ ହୁଏ,Null,ସାଧାରଣ,Neutral
ଚମତ୍କାର ସ୍ୱାଦ ଏବଂ ପ୍ୟାକେଜିଂ।,ପ୍ୟାକେଜିଂ,ଭଲ,Positive
ଚମତ୍କାର ସ୍ୱାଦ ଏବଂ ପ୍ୟାକେଜିଂ।,ସ୍ୱାଦ,ଭଲ,Positive
ବିତରଣ ମଧ୍ଯ ଠିକ୍ ସମଯ଼ରେ ହୋଇଥିଲା।,ବିତରଣ,ଭଲ,Positive
ବହୁତ ଭଲ ସେବା,ସେବା,ଭଲ,Positive
ଭଲ ଲାଗୁନି।,Null,ଖରାପ,Negative
ଏହି ଅର୍ଡର ସହିତ ଜଡିତ ପ୍ରତିବେଦନ ହୋଇଥିବା ପ୍ରସଙ୍ଗ ପାଇଁ ମୁଁ କୌଣସି ପ୍ରତିକ୍ରିଯ଼ା ପାଇଲି ନାହିଁ।,ଅର୍ଡର,ଖରାପ,Negative
"ଏହି ସମସ୍ଯ଼ାର ସମାଧାନ ପାଇଁ ଅନେକ ମେଲ୍ ଏବଂ ୱ୍ହାଟସାପ୍ ବାର୍ତ୍ତା, କିନ୍ତୁ ଏପର୍ଯ୍ଯ଼ନ୍ତ କୌଣସି କାର୍ଯ୍ଯ଼ାନୁଷ୍ଠାନ ଗ୍ରହଣ କରାଯାଇନାହିଁ।",ସମସ୍ଯ଼ା,ଖରାପ,Negative
ଦୟାକରି ଅନ୍ଲାଇନ୍ ଅର୍ଡର୍‌ଗୁଡିକର ଗୌରବ ହରାନ୍ତୁ ନାହିଁ।,ଅନ୍ଲାଇନ୍ ଅର୍ଡର୍‌,ଖରାପ,Negative
କଟକ ବିଶେଷ ମିଶ୍ରଣ,କଟକ ବିଶେଷ ମିଶ୍ରଣ,ସାଧାରଣ,Neutral
ବହୁତ ସମଯ଼ୋଚିତ ଏବଂ ତ୍ୱରିତ ସେବା,ସେବା,ଭଲ,Positive
ମିଶ୍ରଣଟି ଭଲ ଲାଗିଲା।,ମିଶ୍ରଣ,ଭଲ,Positive
"ଉତ୍ତମ ସେବା, ଭଲ ଗୁଣବତ୍ତା",ସେବା,ଭଲ,Positive
"ଉତ୍ତମ ସେବା, ଭଲ ଗୁଣବତ୍ତା",ଗୁଣବତ୍ତା,ଭଲ,Positive
କଟକ ବିଶେଷ ମିଶ୍ରଣ ସ୍ୱାଦରେ ଉତ୍କୃଷ୍ଟ |,କଟକ ବିଶେଷ ମିଶ୍ରଣ,ଭଲ,Positive
ମୁଁ ନିଯ଼ମିତ ଭାବେ ଅର୍ଡର କରିଥାଏ ଏବଂ ଠିକ୍ ସମଯ଼ରେ ବିତରଣ ପାଇଥାଏ।,ଅର୍ଡର,ଭଲ,Positive
ମୁଁ ନିଯ଼ମିତ ଭାବେ ଅର୍ଡର କରିଥାଏ ଏବଂ ଠିକ୍ ସମଯ଼ରେ ବିତରଣ ପାଇଥାଏ।,ବିତରଣ,ଭଲ,Positive
ମୁଲ୍ୟ ମଧ୍ଯ ଠିକ୍ ଅଛି।,ମୁଲ୍ୟ,ଭଲ,Positive
ପିଠାର ଶେଷ ଭାଗରେ କିଛି ତିକ୍ତତା ଆସିଗଲା।,ପିଠାର ଶେଷ ଭାଗ,ଖରାପ,Negative
ପ୍ରାମାଣିକ ମିଶ୍ରଣ।,ମିଶ୍ରଣ,ଭଲ,Positive
ସୁନ୍ଦର ଭାବେ ପ୍ଯ଼ାକ୍ ହୋଇଛି।,ପ୍ଯ଼ାକ୍,ଭଲ,Positive
ଛେନା ଆଉ ଖିରିର ମିଶ୍ରଣ ବିନ୍ଦୁମାତ୍ର ସଠିକ ନ ଥିଲା।,ଛେନା ଆଉ ଖିରିର ମିଶ୍ରଣ,ଖରାପ,Negative
ସାମଗ୍ରୀର ଗୁଣବତ୍ତା ଉତ୍କୃଷ୍ଟ।,ସାମଗ୍ରୀର ଗୁଣବତ୍ତା,ଭଲ,Positive
ବହୁତ ଭଲ ଏବଂ ସ୍ୱାଦିଷ୍ଟ।,Null,ଭଲ,Positive
ଓଡ଼ିଆ ଚ଼ାଟଣି ଆଉ ଅତି ତିକ୍ତ ଲାଗିଲା।,ଓଡ଼ିଆ ଚ଼ାଟଣି,ଖରାପ,Negative
ଯାନ୍ତ୍ରିକ ଧାନର ସଂଯୋଜନ ନାହିଁ।,ଯାନ୍ତ୍ରିକ ଧାନ,ଖରାପ,Negative
ଏଟା ଚମତ୍କାର ଥିଲା ଲୋକ।,Null,ଭଲ,Positive
ଅନ୍ଧ ଭାବରେ ଏହା ପାଇଁ ଯାଆନ୍ତୁ |,Null,ଭଲ,Positive
ମୁଁ ବାଜି ଲଗାଉଛି ଯେ ଯଦି ଆପଣ କଟକ ମିଶ୍ରଣକୁ ଭଲ ପାଆନ୍ତି ତେବେ ଆପଣ ନିରାଶ ହେବେ ନାହିଁ।,କଟକ ମିଶ୍ରଣ,ଭଲ,Positive
ଉତ୍ତମ ସେବା ସହ ଭଲ ଗୁଣବତ୍ତା।,ସେବା,ଭଲ,Positive
ଉତ୍ତମ ସେବା ସହ ଭଲ ଗୁଣବତ୍ତା।,ଗୁଣବତ୍ତା,ଭଲ,Positive
ପ୍ଯ଼ାକେଜିଂ ଚମତ୍କାର ଥିଲା।,ପ୍ୟାକେଜିଂ,ଭଲ,Positive
ଚମତ୍କାର ଉତ୍ପାଦ।,ଉତ୍ପାଦ,ଭଲ,Positive
ଏହା ତାଜା ଥିଲା ଏବଂ ସ୍ୱାଦ ବହୁତ ଭଲ ଥିଲା।,Null,ଭଲ,Positive
ଏହା ତାଜା ଥିଲା ଏବଂ ସ୍ୱାଦ ବହୁତ ଭଲ ଥିଲା।,ସ୍ୱାଦ,ଭଲ,Positive
ଆମେ ଭଲ ପାଉଥିଲୁ।,Null,ଭଲ,Positive
ପିଠାପୋଲିର ଗୁଡ଼ ର ସ୍ୱାଦ ଏକ ସାଧାରଣ ରହିଲା।,ଗୁଡ଼ର ସ୍ୱାଦ,ସାଧାରଣ,Neutral
ଶୀଘ୍ର ବିତରଣ,ବିତରଣ,ଭଲ,Positive
ଏତେ ଶୀଘ୍ର ବିତରଣ,ବିତରଣ,ଭଲ,Positive
ଖିରାଇ ମିଠାର ସ୍ୱାଦ ପୁରା କମ୍।,ଖିରାଇ ମିଠାର ସ୍ୱାଦ,ଖରାପ,Negative
ଭଲ ସ୍ୱାଦ ଏବଂ ବିତରଣ ଚମତ୍କାର!,ସ୍ୱାଦ,ଭଲ,Positive
ଭଲ ସ୍ୱାଦ ଏବଂ ବିତରଣ ଚମତ୍କାର!,ବିତରଣ,ଭଲ,Positive
ଭଲ ଗୁଣବତ୍ତା।,ଗୁଣବତ୍ତା,ଭଲ,Positive
ଭାତ ଏବଂ ତରକାରୀର ସଂଯୋଜନ ଭଲ ନଥିଲା।,ସଂଯୋଜନ,ଖରାପ,Negative
ସମସ୍ତ ଖାଦ୍ଯ ତାଜା ଏବଂ ସ୍ୱାଦିଷ୍ଟ |,ଖାଦ୍ଯ,ଭଲ,Positive
"ଶ୍ରେଣୀରେ ସର୍ବୋତ୍ତମ, ଭଲ ପ୍ଯ଼ାକିଂ ଏବଂ ଦ୍ରୁତ ପରିବହନ।",ଶ୍ରେଣୀ,ଭଲ,Positive
"ଶ୍ରେଣୀରେ ସର୍ବୋତ୍ତମ, ଭଲ ପ୍ଯ଼ାକିଂ ଏବଂ ଦ୍ରୁତ ପରିବହନ।",ପ୍ଯ଼ାକିଂ,ଭଲ,Positive
"ଶ୍ରେଣୀରେ ସର୍ବୋତ୍ତମ, ଭଲ ପ୍ଯ଼ାକିଂ ଏବଂ ଦ୍ରୁତ ପରିବହନ।",ପରିବହନ,ଭଲ,Positive
ଓଡ଼ିଶା ବିଶେଷ ପଖାଳ ମିଶ୍ରଣ,ପଖାଳ ମିଶ୍ରଣ,ଭଲ,Positive
ଚମତ୍କାର ସ୍ୱାଦ।,ସ୍ୱାଦ,ଭଲ,Positive
ଠିକ୍ ସମଯରେ ପହଞ୍ଚିଲା,ପହଞ୍ଚିଲା,ଭଲ,Positive
ଏହା ସତେଜ ଥିଲା।,Null,ଭଲ,Positive
ଏହାର ସ୍ୱାଦ ବହୁତ ଭଲ ଥିଲା।,ସ୍ୱାଦ,ଭଲ,Positive
ବିତରଣ ପାଇଁ ମାତ୍ର 2 ଦିନ ଲାଗେ।,ବିତରଣ,ଭଲ,Positive
ଏହାର ସ୍ୱାଦ ଚମତ୍କାର ଥିଲା।,ସ୍ୱାଦ,ଭଲ,Positive
ଦୀର୍ଘ ସମଯ଼ ପରେ ଏପରି ମିଶ୍ରଣ ଖାଇଲେ।,ମିଶ୍ରଣ,ସାଧାରଣ,Neutral
ଭଲ ଏବଂ ସ୍ୱାଦିଷ୍ଟ,Null,ଭଲ,Positive
ଆମର ପ୍ରିଯ଼ ଖାଦ୍ଯ଼ ପଖାଳ ସହିତ ଏପରି ମିଶ୍ରଣ ଖାଇବା ପ୍ରକୃତରେ ଭଲ ଥିଲା।,ମିଶ୍ରଣ,ଭଲ,Positive
ଆମର ପ୍ରିଯ଼ ଖାଦ୍ଯ଼ ପଖାଳ ସହିତ ଏପରି ମିଶ୍ରଣ ଖାଇବା ପ୍ରକୃତରେ ଭଲ ଥିଲା।,ପଖାଳ,ଭଲ,Positive
ଭଲ ନୁହେଁ।,Null,ଖରାପ,Negative
ଦିଲ୍ଲୀରେ ପ୍ରାମାଣିକ ଓଡିଶା ଖାଦ୍ଯ ପାଇ ବହୁତ ଖୁସି।,ଓଡିଶା ଖାଦ୍ଯ,ଭଲ,Positive
ରିତିକାର୍ଟ ଉତ୍ପାଦଗୁଡ଼ିକୁ ଶୀଘ୍ର ପୂରଣ କରିବା ଏବଂ ପଠାଇବା ପାଇଁ ସକ୍ଷମ ହୋଇଥିଲେ।,ରିତିକାର୍ଟ,ଭଲ,Positive
ରିତିକାର୍ଟ ଉତ୍ପାଦଗୁଡ଼ିକୁ ଶୀଘ୍ର ପୂରଣ କରିବା ଏବଂ ପଠାଇବା ପାଇଁ ସକ୍ଷମ ହୋଇଥିଲେ।,ଉତ୍ପାଦ,ଭଲ,Positive
ଜିନିଷଗୁଡ଼ିକର ଗୁଣବତ୍ତା ମଧ୍ଯ଼ ବହୁତ ଭଲ |,ଜିନିଷ,ଭଲ,Positive
ଉତ୍ପାଦକୁ ନେଇ ପ୍ରକୃତରେ ଖୁସି।,ଉତ୍ପାଦ,ଭଲ,Positive
"ମୁଁ ଏବେ ହି ଅନନ୍ତ ସୁଖ ଅନୁଭବ କରିଛି ରିତିକାର୍ଟରୁ କିଣାକଟ କରିଥିବା ଓଡ଼ିଶାର ଖାଦ୍ୟ ପଦାର୍ଥପାଇଁ, ଏବଂ ମୋର ଅନୁଭବ ନିଶ୍ଚିତ ଭାବେ ବ୍ଯତିକ୍ରମୀ ଥିଲା।",ରିତିକାର୍ଟରୁ କିଣାକଟ,ଭଲ,Positive
"ମୁଁ ଏବେ ହି ଅନନ୍ତ ସୁଖ ଅନୁଭବ କରିଛି ରିତିକାର୍ଟର କିଣାକଟ କରିଥିବା ଓଡ଼ିଶାର ଖାଦ୍ୟ ପଦାର୍ଥରୁ, ଏବଂ ମୋର ଅଭିଜ୍ଞତା ନିଶ୍ଚିତ ଭାବେ ବ୍ଯ଼ତିକ୍ରମୀ ଥିଲା।",ଅଭିଜ୍ଞତା,ଭଲ,Positive
"ଅର୍ଡର କରିବାର ସହଜତା ଠାରୁ ଆରମ୍ଭ କରି ପ୍ରାପ୍ତ ଉତ୍ପାଦଗୁଡ଼ିକର ଗୁଣବତ୍ତା ପର୍ଯ୍ଯ଼ନ୍ତ, ରିତିକାର୍ଟ ପ୍ରକୃତରେ ମୋତେ ଜଣେ ସନ୍ତୁଷ୍ଟ ଗ୍ରାହକ ଭାବରେ ଜିତିଛନ୍ତି।",ଅର୍ଡର କରିବାର ସହଜତା,ଭଲ,Positive
"ଅର୍ଡର କରିବାର ସହଜତା ଠାରୁ ଆରମ୍ଭ କରି ପ୍ରାପ୍ତ ଉତ୍ପାଦଗୁଡ଼ିକର ଗୁଣବତ୍ତା ପର୍ଯ୍ଯ଼ନ୍ତ, ରିତିକାର୍ଟ ପ୍ରକୃତରେ ମୋତେ ଜଣେ ସନ୍ତୁଷ୍ଟ ଗ୍ରାହକ ଭାବରେ ଜିତିଛନ୍ତି।",ଉତ୍ପାଦ,ଭଲ,Positive
"ଅର୍ଡର କରିବାର ସହଜତା ଠାରୁ ଆରମ୍ଭ କରି ପ୍ରାପ୍ତ ଉତ୍ପାଦଗୁଡ଼ିକର ଗୁଣବତ୍ତା ପର୍ଯ୍ଯ଼ନ୍ତ, ରିତିକାର୍ଟ ପ୍ରକୃତରେ ମୋତେ ଜଣେ ସନ୍ତୁଷ୍ଟ ଗ୍ରାହକ ଭାବରେ ଜିତିଛନ୍ତି।",ରିତିକାର୍ଟ,ଭଲ,Positive
"ପ୍ରଥମ ଏବଂ ସର୍ବାଗ୍ରେ, ଅର୍ଡର ପ୍ରକ୍ରିଯ଼ା ଏକ ପବନ ଥିଲା |",ଅର୍ଡର ପ୍ରକ୍ରିଯ଼ା,ଭଲ,Positive
ୱେବସାଇଟର ବ୍ଯ଼ବହାରକାରୀ-ଅନୁକୂଳ ଇଣ୍ଟରଫେସ୍ ଉପଲବ୍ଧ ଉତ୍ପାଦଗୁଡ଼ିକ ଭିନ୍ନ ଭିନ୍ନ ଶ୍ରେଣୀର ପ୍ରତିଷ୍ଠା ଦେଖିବାର ସୁବିଧା ଦେଲା।,ୱେବସାଇଟ,ଭଲ,Positive
"ଏହା ମୁଖ୍ଯ ଖାଦ୍ଯ ହେଉ, ଜଳଖିଆ ହେଉ, କିମ୍ବା ସ୍ଥାନୀଯ଼ ସୁସ୍ୱାଦୁ ଖାଦ୍ଯ଼ ହେଉ, ରିତିକାର୍ଟଙ୍କ ପାଖରେ ଛାଣିବା ପାଇଁ ଏକ ବିସ୍ତୃତ ପରିସର ଥିଲା |",ମୁଖ୍ଯ ଖାଦ୍ଯ,ସାଧାରଣ,Neutral
"ଏହା ମୁଖ୍ଯ ଖାଦ୍ଯ ହେଉ, ଜଳଖିଆ ହେଉ, କିମ୍ବା ସ୍ଥାନୀଯ଼ ସୁସ୍ୱାଦୁ ଖାଦ୍ଯ଼ ହେଉ, ରିତିକାର୍ଟଙ୍କ ପାଖରେ ଛାଣିବା ପାଇଁ ଏକ ବିସ୍ତୃତ ପରିସର ଥିଲା |",ଜଳଖିଆ,ସାଧାରଣ,Neutral
"ଏହା ମୁଖ୍ଯ ଖାଦ୍ଯ ହେଉ, ଜଳଖିଆ ହେଉ, କିମ୍ବା ସ୍ଥାନୀଯ଼ ସୁସ୍ୱାଦୁ ଖାଦ୍ଯ଼ ହେଉ, ରିତିକାର୍ଟଙ୍କ ପାଖରେ ଛାଣିବା ପାଇଁ ଏକ ବିସ୍ତୃତ ପରିସର ଥିଲା |",ସ୍ଥାନୀଯ଼ ସୁସ୍ୱାଦୁ,ସାଧାରଣ,Neutral
"ଏହା ମୁଖ୍ଯ ଖାଦ୍ଯ ହେଉ, ଜଳଖିଆ ହେଉ, କିମ୍ବା ସ୍ଥାନୀଯ଼ ସୁସ୍ୱାଦୁ ଖାଦ୍ଯ଼ ହେଉ, ରିତିକାର୍ଟଙ୍କ ପାଖରେ ଛାଣିବା ପାଇଁ ଏକ ବିସ୍ତୃତ ପରିସର ଥିଲା |",ରିତିକାର୍ଟ,ଭଲ,Positive
"ବିସ୍ତୃତ ଉତ୍ପାଦ ବର୍ଣ୍ଣନା ଏବଂ ସ୍ପଷ୍ଟ ଚିତ୍ର ମୋତେ ମୁଁ କ 'ଣ କିଣୁଛି ସେ ବିଷଯ଼ରେ ଏକ ବିସ୍ତୃତ ବୁଝାମଣା ପ୍ରଦାନ କରିଥିଲା, ଯାହା 
ଅନଲାଇନ୍ ଗ୍ରୋସେରୀ କିଣିବା ସମୟରେ ଏହା ଗୋଟେ ବଡ଼ ଲାଭ |",ଉତ୍ପାଦ ବର୍ଣ୍ଣନା,ଭଲ,Positive
"ବିସ୍ତୃତ ଉତ୍ପାଦ ବର୍ଣ୍ଣନା ଏବଂ ସ୍ପଷ୍ଟ ଚିତ୍ର ମୋତେ ମୁଁ କ 'ଣ କିଣୁଛି ସେ ବିଷଯ଼ରେ ଏକ ବିସ୍ତୃତ ବୁଝାମଣା ପ୍ରଦାନ କରିଥିଲା, ଯାହା 
ଅନଲାଇନ୍ ଗ୍ରୋସେରୀ କିଣିବା ସମୟରେ ଏହା ଗୋଟେ ବଡ଼ ଲାଭ |",ଚିତ୍ର,ଭଲ,Positive
ଯାହା ମୋତେ ପ୍ରକୃତରେ ପ୍ରଭାବିତ କରିଥିଲା ତାହା ଥିଲା ମୁଁ ପାଇଥିବା ଉତ୍ପାଦଗୁଡ଼ିକର ତ୍ରୁଟିଶୂନ୍ଯ଼ ଗୁଣବତ୍ତା।,ଉତ୍ପାଦ,ଭଲ,Positive
"ଏହା ସ୍ପଷ୍ଟ ଥିଲା ଯେ ସେମାନଙ୍କ ଚଯ଼ନରେ ରିତିକାର୍ଟ ବହୁତ ଯତ୍ନ ନିଅନ୍ତି, କାରଣ ଗ୍ରୋସେରୀ ଜିନିଷଗୁଡ଼ିକ ତାଜା, ଭଲ ଭାବରେ ପ୍ଯ଼ାକ୍ ହୋଇଥିବା ଏବଂ ସେମାନଙ୍କ ବର୍ଣ୍ଣନା ଅନୁଯାଯ଼ୀ ସତ୍ଯ |",ରିତିକାର୍ଟ,ଭଲ,Positive
"ଏହା ସ୍ପଷ୍ଟ ଥିଲା ଯେ ସେମାନଙ୍କ ଚଯ଼ନରେ ରିତିକାର୍ଟ ବହୁତ ଯତ୍ନ ନିଅନ୍ତି, କାରଣ ଗ୍ରୋସେରୀ ଜିନିଷଗୁଡ଼ିକ ତାଜା, ଭଲ ଭାବରେ ପ୍ଯ଼ାକ୍ ହୋଇଥିବା ଏବଂ ସେମାନଙ୍କ ବର୍ଣ୍ଣନା ଅନୁଯାଯ଼ୀ ସତ୍ଯ |",ଗ୍ରୋସେରୀ ଜିନିଷ,ଭଲ,Positive
"ଓଡ଼ିଶାର ସ୍ୱାଦର ପ୍ରାମାଣିକତା ଚମକି ଉଠିଲା, ଏବଂ ମୋତେ ଲାଗିଲା ଯେ ମୁଁ ଘରେ ହିଁ ଏହି ଅଞ୍ଚଳର ରନ୍ଧନ ଐତିହ୍ଯର ସ୍ୱାଦ ପାଇଲି।",Null,ଭଲ,Positive
"ଅଧିକନ୍ତୁ, ବିତରଣ ପ୍ରକ୍ରିଯ଼ା ସହଜ ଏବଂ ସମୟନିଷ୍ଠ ଥିଲା |",ବିତରଣ ପ୍ରକ୍ରିଯ଼ା,ଭଲ,Positive
"ମୋର ଅର୍ଡର ପ୍ରତିଶ୍ରୁତିବଦ୍ଧ ସମଯ଼ସୀମା ମଧ୍ଯ଼ରେ ପହଞ୍ଚିଲା, ଏବଂ ପ୍ଯ଼ାକେଜିଂ ନିଶ୍ଚିତ କଲା ଯେ ଉତ୍ପାଦଗୁଡିକ ମୋ ପାଖରେ ସଠିକ୍ ଅବସ୍ଥାରେ ପହଞ୍ଚିଲା |",ଅର୍ଡର,ଭଲ,Positive
"ମୋର ଅର୍ଡର ପ୍ରତିଶ୍ରୁତିବଦ୍ଧ ସମଯ଼ସୀମା ମଧ୍ଯ଼ରେ ପହଞ୍ଚିଲା, ଏବଂ ପ୍ଯ଼ାକେଜିଂ ନିଶ୍ଚିତ କଲା ଯେ ଉତ୍ପାଦଗୁଡିକ ମୋ ପାଖରେ ସଠିକ୍ ଅବସ୍ଥାରେ ପହଞ୍ଚିଲା |",ପ୍ଯ଼ାକେଜିଂ,ଭଲ,Positive
ବିସ୍ତୃତ ବିବରଣୀ ପ୍ରତି ଏହି ଧ୍ଯ଼ାନ ଏବଂ ଗ୍ରାହକ ସନ୍ତୁଷ୍ଟି ପ୍ରତି ପ୍ରତିବଦ୍ଧତା ଦୃଷ୍ଟିହୀନ ହୋଇନଥିଲା।,ବିସ୍ତୃତ ବିବରଣୀ ପ୍ରତି ଏହି ଧ୍ଯ଼ାନ,ଭଲ,Positive
ବିସ୍ତୃତ ବିବରଣୀ ପ୍ରତି ଏହି ଧ୍ଯ଼ାନ ଏବଂ ଗ୍ରାହକ ସନ୍ତୁଷ୍ଟି ପ୍ରତି ପ୍ରତିବଦ୍ଧତା ଦୃଷ୍ଟିହୀନ ହୋଇନଥିଲା।,ଗ୍ରାହକ ସନ୍ତୁଷ୍ଟି,ଭଲ,Positive
ରିତିକାର୍ଟର ଗ୍ରାହକ ସେବା ଦଳ ମଧ୍ଯ଼ ବିଶେଷ ଉଲ୍ଲେଖ ପାଇବାକୁ ଯୋଗ୍ଯ।,ଗ୍ରାହକ ସେବା ଦଳ,ଭଲ,Positive
"ଏକ ଉତ୍ପାଦ ବିଷଯ଼ରେ ମୋର ଏକ ପ୍ରଶ୍ନ ଥିଲା, ଏବଂ ସେମାନଙ୍କର ତ୍ୱରିତ ଏବଂ ବନ୍ଧୁତ୍ୱପୂର୍ଣ୍ଣ ପ୍ରତିକ୍ରିୟା ପ୍ରକୃତରେ ଅଭିଜ୍ଞତାକୁ ଏକ ବ୍ଯ଼କ୍ତିଗତ ସ୍ପର୍ଶ ଯୋଗ କଲା |",ଉତ୍ପାଦ,ସାଧାରଣ,Neutral
"ଏକ ଉତ୍ପାଦ ବିଷଯ଼ରେ ମୋର ଏକ ପ୍ରଶ୍ନ ଥିଲା, ଏବଂ ସେମାନଙ୍କର ତ୍ୱରିତ ଏବଂ ବନ୍ଧୁତ୍ୱପୂର୍ଣ୍ଣ ପ୍ରତିକ୍ରିୟା ପ୍ରକୃତରେ ଅଭିଜ୍ଞତାକୁ ଏକ ବ୍ଯ଼କ୍ତିଗତ ସ୍ପର୍ଶ ଯୋଗ କଲା |",ପ୍ରତିକ୍ରିୟା,ଭଲ,Positive
"ଏକ ଉତ୍ପାଦ ବିଷଯ଼ରେ ମୋର ଏକ ପ୍ରଶ୍ନ ଥିଲା, ଏବଂ ସେମାନଙ୍କର ତ୍ୱରିତ ଏବଂ ବନ୍ଧୁତ୍ୱପୂର୍ଣ୍ଣ ପ୍ରତିକ୍ରିୟା ପ୍ରକୃତରେ ଅଭିଜ୍ଞତାକୁ ଏକ ବ୍ଯ଼କ୍ତିଗତ ସ୍ପର୍ଶ ଯୋଗ କଲା |",ଅଭିଜ୍ଞତା,ଭଲ,Positive
ଚାନା ପୋଡ଼ ଲୁଣ ଓ ମିଠା ଏହାକୁ ମଧ୍ୟମ ରଖିଲା।,ଚାନା ପୋଡ଼,ସାଧାରଣ,Neutral
ଏହା ସ୍ପଷ୍ଟ ଯେ ସେମାନେ ସେମାନଙ୍କ ଗ୍ରାହକମାନଙ୍କୁ ଗୁରୁତ୍ୱ ଦିଅନ୍ତି ଏବଂ ଉତ୍କୃଷ୍ଟ ସେବା ପ୍ରଦାନ କରିବାକୁ ପ୍ରାଥମିକତା ଦିଅନ୍ତି |,ଗ୍ରାହକ,ଭଲ,Positive
ଏହା ସ୍ପଷ୍ଟ ଯେ ସେମାନେ ସେମାନଙ୍କ ଗ୍ରାହକମାନଙ୍କୁ ଗୁରୁତ୍ୱ ଦିଅନ୍ତି ଏବଂ ଉତ୍କୃଷ୍ଟ ସେବା ପ୍ରଦାନ କରିବାକୁ ପ୍ରାଥମିକତା ଦିଅନ୍ତି |,ସେବା,ଭଲ,Positive
"ଯେହେତୁ ମୁଁ ରିତିକାର୍ଟଙ୍କଠାରୁ ଅଧିକ ଜିନିଷ ଅର୍ଡର କରିବାକୁ ଅପେକ୍ଷା କରିଛି, ମୁଁ ଆତ୍ମବିଶ୍ୱାସର ସହ କହିପାରିବି ଯେ ଓଡ଼ିଶାରୁ ମୋର ସମସ୍ତ ଗ୍ରୋସେରୀ ଆବଶ୍ୟକତା ପାଇଁ ଏହା ମୋର ଗନ୍ତବ୍ଯ଼ସ୍ଥଳ ହେବ |",ରିତିକାର୍ଟ,ଭଲ,Positive
"ସୁବିଧା, ଗୁଣବତ୍ତା ଏବଂ ଗ୍ରାହକ କୈନ୍ଦ୍ରିକ ଆଭିମୁଖ୍ଯ଼ ରିତିକାର୍ଟଙ୍କୁ ଜନଗହଳିପୂର୍ଣ୍ଣ ଅନଲାଇନ୍ ଗ୍ରୋସେରୀ ବଜାରରେ ଅଲଗା କରିଥାଏ |",ସୁବିଧା,ଭଲ,Positive
"ସୁବିଧା, ଗୁଣବତ୍ତା ଏବଂ ଗ୍ରାହକ କୈନ୍ଦ୍ରିକ ଆଭିମୁଖ୍ଯ଼ ରିତିକାର୍ଟଙ୍କୁ ଜନଗହଳିପୂର୍ଣ୍ଣ ଅନଲାଇନ୍ ଗ୍ରୋସେରୀ ବଜାରରେ ଅଲଗା କରିଥାଏ |",ଗୁଣବତ୍ତା,ଭଲ,Positive
"ସୁବିଧା, ଗୁଣବତ୍ତା ଏବଂ ଗ୍ରାହକ କୈନ୍ଦ୍ରିକ ଆଭିମୁଖ୍ଯ଼ ରିତିକାର୍ଟଙ୍କୁ ଜନଗହଳିପୂର୍ଣ୍ଣ ଅନଲାଇନ୍ ଗ୍ରୋସେରୀ ବଜାରରେ ଅଲଗା କରିଥାଏ |",ଗ୍ରାହକ କୈନ୍ଦ୍ରିକ ଆଭିମୁଖ୍ଯ଼,ଭଲ,Positive
"ସୁବିଧା, ଗୁଣବତ୍ତା ଏବଂ ଗ୍ରାହକ କୈନ୍ଦ୍ରିକ ଆଭିମୁଖ୍ଯ଼ ରିତିକାର୍ଟଙ୍କୁ ଜନଗହଳିପୂର୍ଣ୍ଣ ଅନଲାଇନ୍ ଗ୍ରୋସେରୀ ବଜାରରେ ଅଲଗା କରିଥାଏ |",ରିତିକାର୍ଟ,ଭଲ,Positive
"ପରିଶେଷରେ, ଓଡ଼ିଶାର ଉଚ୍ଚମାନର ଗ୍ରୋସେରୀ ସାମଗ୍ରୀ ଖୋଜୁଥିବା ଯେକୌଣସି ବ୍ଯ଼କ୍ତିଙ୍କୁ ମୁଁ ହୃଦଯ଼ରୁ ରିତିକାର୍ଟଙ୍କୁ ପରାମର୍ଶ ଦେଉଛି।",ରିତିକାର୍ଟ,ଭଲ,Positive
"ପରିଶେଷରେ, ଓଡ଼ିଶାର ଉଚ୍ଚମାନର ଗ୍ରୋସେରୀ ସାମଗ୍ରୀ ଖୋଜୁଥିବା ଯେକୌଣସି ବ୍ଯ଼କ୍ତିଙ୍କୁ ମୁଁ ହୃଦଯ଼ରୁ ରିତିକାର୍ଟଙ୍କୁ ପରାମର୍ଶ ଦେଉଛି।",ଓଡ଼ିଶାର ଉଚ୍ଚମାନର ଗ୍ରୋସେରୀ ସାମଗ୍ରୀ,ଭଲ,Positive
"ପ୍ରାମାଣିକତା, ଗ୍ରାହକ ସନ୍ତୁଷ୍ଟି ଏବଂ ଦକ୍ଷ ସେବା ପ୍ରତି ସେମାନଙ୍କର ସମର୍ପଣ ସେମାନଙ୍କୁ ଅଲଗା କରିଥାଏ।",ପ୍ରାମାଣିକତା,ଭଲ,Positive
"ପ୍ରାମାଣିକତା, ଗ୍ରାହକ ସନ୍ତୁଷ୍ଟି ଏବଂ ଦକ୍ଷ ସେବା ପ୍ରତି ସେମାନଙ୍କର ସମର୍ପଣ ସେମାନଙ୍କୁ ଅଲଗା କରିଥାଏ।",ଗ୍ରାହକ ସନ୍ତୁଷ୍ଟି,ଭଲ,Positive
"ପ୍ରାମାଣିକତା, ଗ୍ରାହକ ସନ୍ତୁଷ୍ଟି ଏବଂ ଦକ୍ଷ ସେବା ପ୍ରତି ସେମାନଙ୍କର ସମର୍ପଣ ସେମାନଙ୍କୁ ଅଲଗା କରିଥାଏ।",ଦକ୍ଷ ସେବା,ଭଲ,Positive
"ମୋର ପ୍ରଥମ ଅଭିଜ୍ଞତା ଚମତ୍କାର ଠାରୁ କମ୍ ନଥିଲା, ଏବଂ ମୁଁ ମୋର ପରବର୍ତ୍ତୀ ଅର୍ଡରକୁ ଉତ୍ସାହର ସହିତ ଅପେକ୍ଷା କରିଛି।",ଅଭିଜ୍ଞତା,ଭଲ,Positive
"ମୋର ପ୍ରଥମ ଅଭିଜ୍ଞତା ଚମତ୍କାର ଠାରୁ କମ୍ ନଥିଲା, ଏବଂ ମୁଁ ମୋର ପରବର୍ତ୍ତୀ ଅର୍ଡରକୁ ଉତ୍ସାହର ସହିତ ଅପେକ୍ଷା କରିଛି।",ଅର୍ଡର,ଭଲ,Positive
ରିତିକାର୍ଟ ଦଳକୁ ସେମାନଙ୍କ ଉଲ୍ଲେଖନୀଯ଼ କାର୍ଯ୍ଯ଼ ପାଇଁ ଅଭିନନ୍ଦନ!,ରିତିକାର୍ଟ ଦଳ,ଭଲ,Positive
ପିଲାଦିନରୁ ମୋର ସବୁଠାରୁ ପ୍ରିଯ଼ ଜଳଖିଆ ମଧ୍ଯ଼ରୁ ଗୋଟିଏ ଯାହା ଋତିକାର୍ଟଙ୍କ ଦ୍ୱାରା ଦୀର୍ଘ ସମଯ଼ ଧରି ସମ୍ପୂର୍ଣ୍ଣ ଭାବରେ ପୂରଣ ହୁଏ |,ଜଳଖିଆ,ଭଲ,Positive
ପିଲାଦିନରୁ ମୋର ସବୁଠାରୁ ପ୍ରିଯ଼ ଜଳଖିଆ ମଧ୍ଯ଼ରୁ ଗୋଟିଏ ଯାହା ଋତିକାର୍ଟଙ୍କ ଦ୍ୱାରା ଦୀର୍ଘ ସମଯ଼ ଧରି ସମ୍ପୂର୍ଣ୍ଣ ଭାବରେ ପୂରଣ ହୁଏ |,ରିତିକାର୍ଟ,ଭଲ,Positive
"ଉତ୍କୃଷ୍ଟ ଉତ୍ପାଦ, ସ୍ୱାଦ ଏବଂ ସେବା",ଉତ୍ପାଦ,ଭଲ,Positive
"ଉତ୍କୃଷ୍ଟ ଉତ୍ପାଦ, ସ୍ୱାଦ ଏବଂ ସେବା",ସ୍ୱାଦ,ଭଲ,Positive
"ଉତ୍କୃଷ୍ଟ ଉତ୍ପାଦ, ସ୍ୱାଦ ଏବଂ ସେବା",ସେବା,ଭଲ,Positive
"ପ୍ରତ୍ୟେକ କାମୁଡ଼ାରେ ବହୁତ ସ୍ୱାଦିଷ୍ଟ, ସ୍ୱାସ୍ଥ୍ୟକର ଏବଂ କୁର୍କୁରା",Null,ଭଲ,Positive
ଗୋଟିଏ ଥରରେ 5 ରୁ 6 ପାମ୍ପଡ ଖାଇପାରିବେ।,ପାମ୍ପଡ,ସାଧାରଣ,Neutral
ଖାଇବାକୁ ଏତେ ଭଲ,Null,ଭଲ,Positive
ଓଡ଼ିଶା ବିଶେଷ ଲିଯ଼ା କିମ୍ବା ଖାଇ ପାମ୍ପଡ 100 ଗ୍ରାମ,ଲିଯ଼ା କିମ୍ବା ଖାଇ ପାମ୍ପଡ,ଭଲ,Positive
ସନ୍ତୁଷ୍ଟ କିନ୍ତୁ ଭାଙ୍ଗିଯାଇଥିବା ବଡ଼ି ପାଇଁ ପ୍ଯ଼ାକିଂରେ ଉନ୍ନତି କରିବାକୁ ହେବ।,ବଡ଼ି,ଖରାପ,Negative
"ସ୍ୱଚ୍ଛତା ହେଉଛି ଲିଆ ବଡ଼ିରେ ଏକ ସମସ୍ଯ଼ା, ଯେଉଁଥିରେ ଲିଆ ବଡ଼ି ମଧ୍ଯ଼ରୁ ଗୋଟିଏ ଲମ୍ବା କେଶ ଦେଖିବାକୁ ମିଳିଥିଲା।",ଲିଆ ବଡ଼ି,ଖରାପ,Negative
ଯେଉଁମାନେ ମୌଳିକ ସ୍ୱଚ୍ଛତା ଏବଂ ଗୁଣବତ୍ତା ନିଯ଼ନ୍ତ୍ରଣ ବଜାଯ଼ ରଖନ୍ତି ସେମାନଙ୍କଠାରୁ ସାମଗ୍ରୀ ଅର୍ଡର କରନ୍ତୁ |,ସାମଗ୍ରୀ,ସାଧାରଣ,Neutral
ଖାଇରୁ ମଧ୍ଯ଼ ସମାନ ଦୃଶ୍ଯ଼ ଦେଖିବାକୁ ମିଳିଥିଲା।,ଖାଇ,ସାଧାରଣ,Neutral
ଖାଇରେ ମାଟି ଅବସ୍ଥାନ ମିଳିଥିଲା।,ଖାଇ,ଖରାପ,Negative
ଦଯ଼ାକରି ପଦକ୍ଷେପ ନିଅନ୍ତୁ।,Null,ସାଧାରଣ,Neutral
ସେମାନଙ୍କ ଉତ୍ପାଦଗୁଡ଼ିକୁ ଭଲ ଭାବେ ପରୀକ୍ଷା କରନ୍ତୁ ଏବଂ ପରିମାଣ ସମ୍ବନ୍ଧୀଯ଼ ପ୍ରସଙ୍ଗରେ ସେମାନଙ୍କ ସହ ଆଲୋଚନା କରନ୍ତୁ।,ଉତ୍ପାଦ,ଭଲ,Positive
ସେମାନଙ୍କ ଉତ୍ପାଦଗୁଡ଼ିକୁ ଭଲ ଭାବେ ପରୀକ୍ଷା କରନ୍ତୁ ଏବଂ ପରିମାଣ ସମ୍ବନ୍ଧୀଯ଼ ପ୍ରସଙ୍ଗରେ ସେମାନଙ୍କ ସହ ଆଲୋଚନା କରନ୍ତୁ।,ଉତ୍ପାଦ,ଖରାପ,Negative
ଦ୍ରୁତ ବିତରଣ ଏବଂ ଭଲ ସେବା,ବିତରଣ,ଭଲ,Positive
ଦ୍ରୁତ ବିତରଣ ଏବଂ ଭଲ ସେବା,ସେବା,ଭଲ,Positive
"ଯଦି ପୂର୍ବରୁ ଚେଷ୍ଟା କରାଯାଇ ନାହିଁ, ତେବେ ମୁଁ ଗୋଟିଏ ଚେଷ୍ଟା କରିବାକୁ ପରାମର୍ଶ ଦେବି।",Null,ଭଲ,Positive
ଆପଣଙ୍କୁ ଏହା ଭଲ ଲାଗିବ।,Null,ଭଲ,Positive
ମୁଁ ଏହା ଦେଖି ଆଶ୍ଚର୍ଯ୍ଯ଼ ହେଲି ଯେ ଏହା ରିତିକାର୍ଟରେ ଉପଲବ୍ଧ ଥିଲା।,Null,ଭଲ,Positive
ମୁଁ ଏହା ଦେଖି ଆଶ୍ଚର୍ଯ୍ଯ଼ ହେଲି ଯେ ଏହା ରିତିକାର୍ଟରେ ଉପଲବ୍ଧ ଥିଲା।,ରିତିକାର୍ଟ,ଭଲ,Positive
ପୁଣେରେ ମୋ ଘରେ ସେମାନେ ଠିକ୍ ସମଯ଼ରେ ବିତରଣ ଦେଇଥିଲେ।,ବିତରଣ,ଭଲ,Positive
ମୋତେ ପାମ୍ପଡ ବହୁତ ଭଲ ଲାଗିଲା।,ପାମ୍ପଡ,ଭଲ,Positive
ଘରୁ ଦୂରରେ ରହୁଥିବା ଆମ ପାଇଁ ଏହି ପାମ୍ପଡ ଉପଲବ୍ଧ କରାଇବା ପାଇଁ ରିତିକାର୍ଟଙ୍କ ଉଦ୍ଯ଼ମକୁ ମୁଁ ବହୁତ ପ୍ରଶଂସା କରୁଛି।,ରିତିକାର୍ଟଙ୍କ ଉଦ୍ଯ଼ମ,ଭଲ,Positive
ଘରୁ ଦୂରରେ ରହୁଥିବା ଆମ ପାଇଁ ଏହି ପାମ୍ପଡ ଉପଲବ୍ଧ କରାଇବା ପାଇଁ ରିତିକାର୍ଟଙ୍କ ଉଦ୍ଯ଼ମକୁ ମୁଁ ବହୁତ ପ୍ରଶଂସା କରୁଛି।,ପାମ୍ପଡ,ସାଧାରଣ,Neutral
ଏହା ନିଶ୍ଚିତ ଭାବରେ ଆମକୁ ସମଗ୍ର ଭାରତରେ ଆମର ଜାତିଗତ ଶୁଖିଲା ଖାଦ୍ଯ଼କୁ ଲୋକପ୍ରିଯ଼ କରିବାରେ ସାହାଯ୍ଯ଼ କରିବ।,ଜାତିଗତ ଶୁଖିଲା ଖାଦ୍ଯ଼,ଭଲ,Positive
ରିତିକାର୍ଟଙ୍କୁ ଧନ୍ଯବାଦ।,ରିତିକାର୍ଟ,ଭଲ,Positive
ଗ୍ରାହକ ସେବା ବିଭାଗକୁ ବିଶେଷ ଧନ୍ଯବାଦ।,ଗ୍ରାହକ ସେବା ବିଭାଗ,ଭଲ,Positive
ବିତରଣ ପାଇଁ ବହୁତ ସମଯ଼ ଲାଗେ,ବିତରଣ,ଖରାପ,Negative
ଗଜପ୍ରସାଦର ଗୋଲାପ ର ସୁଗନ୍ଧ ବେଶ ମଧ୍ୟମ ରହିଲା।,ଗଜପ୍ରସାଦ,ସାଧାରଣ,Neutral
ଗ୍ରାହକଙ୍କ ପରିସରରେ ପହଞ୍ଚିବା ପାଇଁ ପ୍ଯ଼ାକିଂରେ ଉନ୍ନତି କରିବା ଏବଂ ପଠାଇବାକୁ ଶୀଘ୍ର କରିବା ଆବଶ୍ଯ଼କ।,ପ୍ଯ଼ାକିଂ,ଖରାପ,Negative
ଗ୍ରାହକଙ୍କ ପରିସରରେ ପହଞ୍ଚିବା ପାଇଁ ପ୍ଯ଼ାକିଂରେ ଉନ୍ନତି କରିବା ଏବଂ ପଠାଇବାକୁ ଶୀଘ୍ର କରିବା ଆବଶ୍ଯ଼କ।,ପଠାଇବା,ଖରାପ,Negative
ବହୁତ ଭଲ ଗୁଣବତ୍ତା ଏବଂ ଟଙ୍କା ପାଇଁ ସମ୍ପୂର୍ଣ୍ଣ ମୂଲ୍ଯ଼ବାନ ଜଳଖିଆ।,ଜଳଖିଆ,ଭଲ,Positive
ଭଲ ପ୍ରଭାବଶାଳୀ |,Null,ଭଲ,Positive
ପୂର୍ବ ଅର୍ଡର ଭଲ ଥିଲା।,ପୂର୍ବ ଅର୍ଡର,ଭଲ,Positive
ଚିନାବାଦାମ ନଥିଲା।,ଚିନାବାଦାମ,ଖରାପ,Negative
ତିଲ ପାମ୍ପଡ ଯଥେଷ୍ଟ ଭଲ ନଥିଲା।,ତିଲ ପାମ୍ପଡ,ଖରାପ,Negative
ଏହା ଉପରେ ଲଙ୍କା ଗୁଣ୍ଡ ଛିଞ୍ଚିଥିବା ପରି ଜଣାପଡ଼ିଲା।,ଲଙ୍କା ଗୁଣ୍ଡ,ସାଧାରଣ,Neutral
"ତେଣୁ ଏହାକୁ ଖାଇବା ସମଯ଼ରେ, ପ୍ରତ୍ଯ଼େକ କାମୁଡା ସହିତ କାଶ ସୃଷ୍ଟି ହୋଇଥିଲା।",Null,ଖରାପ,Negative
ଏଥିରେ କିଛି ତ୍ରୁଟି ଥିବା ଜଣାପଡ଼ୁଛି।,Null,ଖରାପ,Negative
"ତେବେ, ବିଶେଷ ଲିଆ ପାମ୍ପଡ ଭଲ ଥିଲା, କିନ୍ତୁ ତ୍ରୁଟିପୂର୍ଣ୍ଣ ପ୍ଯ଼ାକେଜିଂ କାରଣରୁ ଅଧିକାଂଶ ପାମ୍ପଡ ଭାଙ୍ଗି ଯାଇଥିବା ଦେଖିବାକୁ ମିଳିଥିଲା।",ଲିଆ ପାମ୍ପଡ,ଭଲ,Positive
"ତେବେ, ବିଶେଷ ଲିଆ ପାମ୍ପଡ ଭଲ ଥିଲା, କିନ୍ତୁ ତ୍ରୁଟିପୂର୍ଣ୍ଣ ପ୍ଯ଼ାକେଜିଂ କାରଣରୁ ଅଧିକାଂଶ ପାମ୍ପଡ ଭାଙ୍ଗି ଯାଇଥିବା ଦେଖିବାକୁ ମିଳିଥିଲା।",ତ୍ରୁଟିପୂର୍ଣ୍ଣ ପ୍ଯ଼ାକେଜିଂ,ଖରାପ,Negative
"ତେବେ, ବିଶେଷ ଲିଆ ପାମ୍ପଡ ଭଲ ଥିଲା, କିନ୍ତୁ ତ୍ରୁଟିପୂର୍ଣ୍ଣ ପ୍ଯ଼ାକେଜିଂ କାରଣରୁ ଅଧିକାଂଶ ପାମ୍ପଡ ଭାଙ୍ଗି ଯାଇଥିବା ଦେଖିବାକୁ ମିଳିଥିଲା।",ପାମ୍ପଡ,ଖରାପ,Negative
ଦଯ଼ାକରି ଯତ୍ନ ନିଅନ୍ତୁ।,Null,ସାଧାରଣ,Neutral
ଓଡ଼ିଶା ପ୍ରସିଦ୍ଧ ଶୁଖିଲା ଲୁଣିଆ ଆମ୍ବ (ଆମ୍ବୁଲ),ଶୁଖିଲା ଲୁଣିଆ ଆମ୍ବ,ସାଧାରଣ,Neutral
"ପ୍ଯ଼ାକିଂ, ସତେଜତା ଏବଂ ଉତ୍ପାଦ ଗ୍ରହଣ ବହୁତ ଭଲ ଥିଲା |",ପ୍ଯ଼ାକିଂ,ଭଲ,Positive
"ପ୍ଯ଼ାକିଂ, ସତେଜତା ଏବଂ ଉତ୍ପାଦ ଗ୍ରହଣ ବହୁତ ଭଲ ଥିଲା |",ଉତ୍ପାଦ,ଭଲ,Positive
ଓଡ଼ିଶାର ପ୍ରାମାଣିକ ସ୍ୱାଦ ପାଇ ବହୁତ ଖୁସି ଲାଗିଲା।,ଓଡ଼ିଶାର ପ୍ରାମାଣିକ ସ୍ୱାଦ,ଭଲ,Positive
ଏତେ ପ୍ରେମ ଏବଂ ଯତ୍ନ ସହିତ ଏହାକୁ ବିତରଣ କରିଥିବାରୁ ଧନ୍ଯ଼ବାଦ।,Null,ଭଲ,Positive
ଅତି କମ୍ରେ ଏହି ଉତ୍ପାଦଗୁଡ଼ିକୁ ଚେଷ୍ଟା କରି ଦେଖିବା ପାଇଁ ମୁଁ ସମସ୍ତଙ୍କୁ ପରାମର୍ଶ ଦେବି।,ଉତ୍ପାଦ,ଭଲ,Positive
ଖୁବ ଭଲ ସେବା।,ସେବା,ଭଲ,Positive
ଆମେ ଯାହା ଅର୍ଡର କରିଥିଲୁ ତାହା ଠିକ୍ ସମଯ଼ରେ ଏବଂ ପ୍ରତିଶୃତି ଅନୁଯାଯ଼ୀ ପାଇଲୁ,Null,ଭଲ,Positive
"ଶୁଖିଲା ଲୁଣିଆ ଆମ୍ବ ବହୁତ ଭଲ ଥିଲା, କିନ୍ତୁ ପାମ୍ପଡ ବହୁତ କଠିନ, ମସଲାଯୁକ୍ତ ଏବଂ ହଜମ କରିବା କଷ୍ଟକର ଥିଲା |",ଶୁଖିଲା ଲୁଣିଆ ଆମ୍ବ,ଭଲ,Positive
"ଶୁଖିଲା ଲୁଣିଆ ଆମ୍ବ ବହୁତ ଭଲ ଥିଲା, କିନ୍ତୁ ପାମ୍ପଡ ବହୁତ କଠିନ, ମସଲାଯୁକ୍ତ ଏବଂ ହଜମ କରିବା କଷ୍ଟକର ଥିଲା |",ପାମ୍ପଡ,ଖରାପ,Negative
ତେନ୍ତୁଳିରେ ଅତ୍ଯଧିକ ଲୁଣ,ତେନ୍ତୁଳି,ଖରାପ,Negative
ଭଲ ସେବା ଏବଂ ଉତ୍ପାଦ ଭଲ।,ସେବା,ଭଲ,Positive
ଦହିବରାର ପାଣି ସଂଖ୍ୟା ସାମାନ୍ୟ ଭାବେ ରଖିଥିଲା।,ଦହିବରାର ପାଣି,ସାଧାରଣ,Neutral
ଭଲ ସେବା ଏବଂ ଉତ୍ପାଦ ଭଲ।,ଉତ୍ପାଦ,ଭଲ,Positive
ମୁଁ ରିତିକାର୍ଟଙ୍କଠାରୁ ଆମ୍ବୁଲ ଅର୍ଡର କଲି।,ଆମ୍ବୁଲ,ସାଧାରଣ,Neutral
ମୁଁ ରିତିକାର୍ଟଙ୍କଠାରୁ ଆମ୍ବୁଲ ଅର୍ଡର କଲି।,ରିତିକାର୍ଟ,ସାଧାରଣ,Neutral
ସେମାନେ ବହୁତ ପେସାଦାର ଏବଂ କିଛି ସମଯ଼ ମଧ୍ଯ଼ରେ ମୋର ଅର୍ଡର ପୂରଣ କରିଥିଲେ।,Null,ଭଲ,Positive
ଏହାର ସ୍ୱାଦ ଅତ୍ଯ଼ନ୍ତ ଚମତ୍କାର।,ସ୍ୱାଦ,ଭଲ,Positive
ଓଡ଼ିଶା ଖାଦ୍ଯ ଅଧିକ ସାମିଲ କରନ୍ତୁ।,ଓଡ଼ିଶା ଖାଦ୍ଯ,ଭଲ,Positive
ଆପଣ ବହୁତ ଭଲ କାମ କରୁଛନ୍ତି।!! ଧନ୍ଯ଼ବାଦ।,କାମ,ଭଲ,Positive
"ଭଲ ପ୍ୟାକେଜିଂ ଏବଂ ପ୍ରାମାଣିକ ସ୍ୱାଦ, ଧନ୍ଯ଼ବାଦ।",ପ୍ୟାକେଜିଂ,ଭଲ,Positive
"ଭଲ ପ୍ୟାକେଜିଂ ଏବଂ ପ୍ରାମାଣିକ ସ୍ୱାଦ, ଧନ୍ଯ଼ବାଦ।",ସ୍ୱାଦ,ଭଲ,Positive
ବ୍ରହ୍ମପୁର ବିଶେଷ ବେରି ଆଚାର/ବେର ର ଆଚାର/ବରକୋଳି ଆଚାର,ବ୍ରହ୍ମପୁର ବିଶେଷ ବେରି ଆଚାର,ସାଧାରଣ,Neutral
ବ୍ରହ୍ମପୁର ବିଶେଷ ବେରି ଆଚାର/ବେର ର ଆଚାର/ବରକୋଳି ଆଚାର,ବେର ର ଆଚାର,ସାଧାରଣ,Neutral
ବ୍ରହ୍ମପୁର ବିଶେଷ ବେରି ଆଚାର/ବେର ର ଆଚାର/ବରକୋଳି ଆଚାର,ବରକୋଳି ଆଚାର,ସାଧାରଣ,Neutral
ଚମତ୍କାର ଏବଂ ଖୁବ ଭଲ ସ୍ୱାଦ,ସ୍ୱାଦ,ଭଲ,Positive
ଖୁବ୍ ସ୍ୱାଦିଷ୍ଟ ଆଚାର,ଆଚାର,ଭଲ,Positive
ଅଦ୍ଭୁତ ସ୍ୱାଦ।,ସ୍ୱାଦ,ଭଲ,Positive
ମୋ ମାଆ ଆମ ପିଲାଦିନେ ଘରେ ତିଆରି କରୁଥିବା ଆଚାରର ସ୍ୱାଦ ମୋତେ ମନେ ପକାଇ ଦେଲା।,ଆଚାର,ସାଧାରଣ,Neutral
ଆପଣଙ୍କ ଚମତ୍କାର ସେବା ପାଇଁ ରିତିକାର୍ଟଙ୍କୁ ଧନ୍ଯ଼ବାଦ।,ରିତିକାର୍ଟ,ଭଲ,Positive
"ଆପଣ ଯେଉଁଭଳି ଭାବେ ପ୍ୟାକେଜିଂର ଯତ୍ନ ନେଉଛନ୍ତି, ତାହା ଆମକୁ ବହୁତ ଭଲ ଲାଗିଲା।",ପ୍ୟାକେଜିଂ,ଭଲ,Positive
ଆପଣଙ୍କୁ ଧନ୍ଯ଼ବାଦ।,Null,ଭଲ,Positive
ଏବେ ହି ଆମେ ଏହାକୁ ରିତିକାର୍ଟରେ ଅର୍ଡର କରିଥିଲୁ।,ରିତିକାର୍ଟ,ସାଧାରଣ,Neutral
ଅତି ସ୍ୱାଦିଷ୍ଟ।,Null,ଭଲ,Positive
ଘରେ ତିଆରି ଆଚାରର ସାଧାରଣ ସ୍ୱାଦ ଯାହା ଆମେ ଆମ ପିଲାଦିନରେ ପାଉଥିଲୁ |,ଘରେ ତିଆରି ଆଚାର,ସାଧାରଣ,Neutral
"ଧ୍ୟାନ ଦେଇଥିଲି ଯେ, ପଠାଇବା ସମଯ଼ରେ ସେମାନେ ଭଲ ଭାବେ ପ୍ଯ଼ାକ୍ କରିଥିଲେ।",ପ୍ଯ଼ାକ୍,ଭଲ,Positive
ରିତିକାର୍ଟଙ୍କୁ ଧନ୍ଯ଼ବାଦ।,ରିତିକାର୍ଟ,ଭଲ,Positive
ପୁନର୍ବାର ଅର୍ଡର କରିବି।,ଅର୍ଡର,ଭଲ,Positive
ବହୁତ ଭଲ ସୁସ୍ୱାଦୁ ଆଚାର!!,ଆଚାର,ଭଲ,Positive
ଏହି ୱେବ୍ସାଇଟ୍ ବିଷଯ଼ରେ ଆଗରୁ କେବେ ଶୁଣି ନ ଥିଲି।,ୱେବ୍ସାଇଟ୍,ସାଧାରଣ,Neutral
"ସେମାନଙ୍କଠାରୁ ଅର୍ଡର କରିବା ପରେ, ମୋର ଏକ ଅଦ୍ଭୁତ ଅନୁଭୂତି ଅଛି ..!",ଅନୁଭୂତି,ଭଲ,Positive
ମୁଁ ମୋର ସାଙ୍ଗମାନଙ୍କୁ ଏହି ଆଚାର ସୁପାରିଶ କରୁଛି।,ଆଚାର,ଭଲ,Positive
ଆଚାର ଅତ୍ଯନ୍ତ ମିଠା ଯାହା ସ୍ୱାଦକୁ ହ୍ରାସ କରୁଛି |,ଆଚାର,ଖରାପ,Negative
ମୁଁ ଶୀଘ୍ର ଆଉ ଏକ ଅର୍ଡର କରିବି।,ଅର୍ଡର,ଭଲ,Positive
ଭୁବନେଶ୍ୱର ବିଶେଷ କୋରା ଖାଇ,ଭୁବନେଶ୍ୱର ବିଶେଷ କୋରା ଖାଇ,ଭଲ,Positive
ଭୁବନେଶ୍ୱରର ବିଶେଷ କୋରା ଖାଇ ଏକ ଉତ୍କୃଷ୍ଟ ସାମଗ୍ରୀ।,ଭୁବନେଶ୍ୱର ବିଶେଷ କୋରା ଖାଇ,ଭଲ,Positive
ମୁଁ ଏହାକୁ ପୁଣିଥରେ ଅର୍ଡର କରିବି।,Null,ଭଲ,Positive
ଛେନାମୁଡ଼ିର ଗଢ଼ନ ଭଲ ଅଥେଚ୍ ତାର ଆକୃତି ସାଧାରଣ ହେଲା।,ଛେନାମୁଡ଼ି,ସାଧାରଣ,Neutral
ଅତି ସ୍ୱାଦିଷ୍ଟ ଏବଂ ସତେଜ।,ସ୍ୱାଦିଷ୍ଟ,ଭଲ,Positive
ଅତି ସ୍ୱାଦିଷ୍ଟ ଏବଂ ସତେଜ।,ସତେଜ,ଭଲ,Positive
ଜିଲାପିର ପତଳା ର ଗଢ଼ନ ଏହାକୁ ଠିକ୍ ରଖିଲା।,ଜିଲାପି,ସାଧାରଣ,Neutral
ତତ୍କାଳ ବିତରଣ ହେଲା।,ବିତରଣ,ଭଲ,Positive
"ମୁଁ କିଛି ବର୍ଷ ପୂର୍ବେ ପୁରୁଣା ସହରରୁ ବାଇଆ ଖୋରା ଖାଇ ଖାଇଥିଲି, ମୁଁ ଏହାକୁ ସମାନ ସ୍ୱାଦ ପାଏ |",ବାଇଆ ଖୋରା ଖାଇ,ସାଧାରଣ,Neutral
ବିଶେଷ କରି ମୋ ମାଆ ଏହାକୁ ଭଲ ପାଆନ୍ତି।,ମାଆ,ଭଲ,Positive
ଏହା ବେଶ୍ ସୁସ୍ୱାଦୁ ଥିଲା।,Null,ଭଲ,Positive
ଗୁଣବତ୍ତା ସବୁଠାରୁ ଭଲ ଥିଲା।,ଗୁଣବତ୍ତା,ଭଲ,Positive
ବହୁତ କୁର୍କୁରା।,Null,ସାଧାରଣ,Neutral
ସେଥିରେ କାଜୁ ଏବଂ ନଡ଼ିଆ ଖଣ୍ଡ ଭରି ରହିଥିଲା।,କାଜୁ,ସାଧାରଣ,Neutral
ସେଥିରେ କାଜୁ ଏବଂ ନଡ଼ିଆ ଖଣ୍ଡ ଭରି ରହିଥିଲା।,ନଡ଼ିଆ ଖଣ୍ଡ,ସାଧାରଣ,Neutral
ମୋ ସାଙ୍ଗମାନେ ଏହାକୁ ଭଲ ପାଉଥିଲେ।,ସାଙ୍ଗମାନେ,ଭଲ,Positive
ଜାଣିବାକୁ ପାଇଲେ ଯେ ସେମାନେ ମଧ୍ଯ଼ ରିତିକାର୍ଟଙ୍କଠାରୁ ଅର୍ଡର କରୁଛନ୍ତି।,ରିତିକାର୍ଟ,ସାଧାରଣ,Neutral
ରିତିକାର୍ଟଙ୍କ ଦ୍ୱାରା ବହୁତ ଭଲ ପ୍ରଯ଼ାସ।,ରିତିକାର୍ଟ,ଭଲ,Positive
ଭଲ କାମ କରନ୍ତୁ ଏବଂ ଏହାକୁ ଜାରି ରଖନ୍ତୁ।,କାମ,ଭଲ,Positive
କେବଳ ଏହାକୁ ଭଲ ପାଉଥିଲେ |,Null,ଭଲ,Positive
ଆପଣଙ୍କ ଉତ୍ତମ ସେବା ପାଇଁ ରିତିକାର୍ଟଙ୍କୁ ଧନ୍ଯ଼ବାଦ।,ରିତିକାର୍ଟ,ଭଲ,Positive
"ସୁସ୍ୱାଦୁ, କୁର୍କୁରା ଏବଂ ଭଲ ଗୁଣବତ୍ତା |",ସୁସ୍ୱାଦୁ,ଭଲ,Positive
"ସୁସ୍ୱାଦୁ, କୁର୍କୁରା ଏବଂ ଭଲ ଗୁଣବତ୍ତା |",ଗୁଣବତ୍ତା,ଭଲ,Positive
ମୁଁ କେବଳ ମୋର ପିଲାଦିନର ଦିନଗୁଡ଼ିକୁ ମନେ ପକାଇଲି।,ପିଲାଦିନର ଦିନ,ଭଲ,Positive
ଏହା ବେଶ୍ ସ୍ୱାଦିଷ୍ଟ।,Null,ଭଲ,Positive
ଏକ ମିଠା ପ୍ରକାରର ଖାଦ୍ଯ଼ର ଚମତ୍କାର ପୂର୍ଣ୍ଣ ସ୍ୱାଦ ପାଇଁ ରିତିକାର୍ଟଙ୍କୁ ଧନ୍ଯ଼ବାଦ।,ମିଠା ପ୍ରକାରର ଖାଦ୍ୟ,ଭଲ,Positive
"ଖୋୟା ପେଡ଼ା ପ୍ରାମାଣିକତା, ଜାତିଗତ ଏବଂ ସ୍ୱାଦ ସହିତ ଚିହ୍ନିତ ହୋଇଥିଲା |",ଖୋୟା ପେଡ଼ା,ଭଲ,Positive
ଭଲ ଲାଗିଲା।,Null,ଭଲ,Positive
ଏହି ଖାଦ୍ଯ଼ ଅତ୍ଯ଼ନ୍ତ ସ୍ୱାଦିଷ୍ଟ ଏବଂ ମୁଁ ଏହାକୁ ପସନ୍ଦ କରେ |,ଖାଦ୍ଯ଼,ଭଲ,Positive
"ଅଦ୍ଭୁତ ସ୍ୱାଦ, ସୁନ୍ଦର ସୁଗନ୍ଧ, ଟଙ୍କା ପାଇଁ ମୂଲ୍ଯ",ସ୍ୱାଦ,ଭଲ,Positive
"ଅଦ୍ଭୁତ ସ୍ୱାଦ, ସୁନ୍ଦର ସୁଗନ୍ଧ, ଟଙ୍କା ପାଇଁ ମୂଲ୍ଯ",ସୁଗନ୍ଧ,ଭଲ,Positive
"ଅଦ୍ଭୁତ ସ୍ୱାଦ, ସୁନ୍ଦର ସୁଗନ୍ଧ, ଟଙ୍କା ପାଇଁ ମୂଲ୍ଯ",ଟଙ୍କା ପାଇଁ ମୂଲ୍ଯ,ଭଲ,Positive
ଗତ କିଛି ବର୍ଷ ଧରି ମୁଁ ଇଣ୍ଟରନେଟରେ ଓଡ଼ିଶା ଖାଦ୍ଯ ଖୋଜୁଛି।,ଓଡ଼ିଶା ଖାଦ୍ଯ,ସାଧାରଣ,Neutral
ଏବେ ମୁଁ ଏହି ୱେବ୍ସାଇଟ୍ ପାଇଲି ଯାହାର ନାମ Ritikart.com।,ରିତିକାର୍ଟ.କମ୍,ସାଧାରଣ,Neutral
ସେମାନେ ଆଚାରର ଏକ ଉତ୍ତମ ଗୁଣବତ୍ତା ବଜାଯ ରଖନ୍ତି |,ଆଚାର,ଭଲ,Positive
ଏହାକୁ ଜାରି ରଖନ୍ତୁ ରିତିକାର୍ଟ।,ରିତିକାର୍ଟ,ଭଲ,Positive
"ସ୍ୱାଦ, ଚମତ୍କାର କିନ୍ତୁ ଆକାର ଛୋଟ, କିନ୍ତୁ ମୋଟାମୋଟି ଏହାର ସ୍ୱାଦ ଚମତ୍କାର |",ସ୍ୱାଦ,ଭଲ,Positive
"ସ୍ୱାଦ, ଚମତ୍କାର କିନ୍ତୁ ଆକାର ଛୋଟ, କିନ୍ତୁ ମୋଟାମୋଟି ଏହାର ସ୍ୱାଦ ଚମତ୍କାର |",ଆକାର,ଖରାପ,Negative
ଏହାର ସ୍ୱାଦ ଠିକ୍।,Null,ସାଧାରଣ,Neutral
ଆଶା ପର୍ଯ୍ୟନ୍ତ ନୁହେଁ |,ଆଶା,ଖରାପ,Negative
3 ଦିନରୁ ଖମୀର ତିଆରି ହେବାକୁ ଲାଗିଲା।,ଖମୀର,ସାଧାରଣ,Neutral
ପରବର୍ତ୍ତୀ ସମଯ଼ରେ ଏହାକୁ ଶୀଘ୍ର ଶେଷ କରିବାକୁ ଚେଷ୍ଟା କରିବି।,Null,ସାଧାରଣ,Neutral
"ମୁଁ କିଣିଥିବା ଅନ୍ଯ଼ାନ୍ଯ଼ ଉତ୍ପାଦ ଯେପରିକି ଆଦିଶା, ଚଣା ଡାଲି ମିଶ୍ରଣ, ପୁରୀ ଖଜା ଏବଂ ଚିନାବାଦାମ ପକୋଡ଼ା ଉତ୍କୃଷ୍ଟ ଥିଲା |",ଆଦିଶା,ଭଲ,Positive
"ମୁଁ କିଣିଥିବା ଅନ୍ଯ଼ାନ୍ଯ଼ ଉତ୍ପାଦ ଯେପରିକି ଆଦିଶା, ଚଣା ଡାଲି ମିଶ୍ରଣ, ପୁରୀ ଖଜା ଏବଂ ଚିନାବାଦାମ ପକୋଡ଼ା ଉତ୍କୃଷ୍ଟ ଥିଲା |",ଚଣା ଡାଲି ମିଶ୍ରଣ,ଭଲ,Positive
"ମୁଁ କିଣିଥିବା ଅନ୍ଯ଼ାନ୍ଯ଼ ଉତ୍ପାଦ ଯେପରିକି ଆଦିଶା, ଚଣା ଡାଲି ମିଶ୍ରଣ, ପୁରୀ ଖଜା ଏବଂ ଚିନାବାଦାମ ପକୋଡ଼ା ଉତ୍କୃଷ୍ଟ ଥିଲା |",ପୁରୀ ଖଜା,ଭଲ,Positive
"ମୁଁ କିଣିଥିବା ଅନ୍ଯ଼ାନ୍ଯ଼ ଉତ୍ପାଦ ଯେପରିକି ଆଦିଶା, ଚଣା ଡାଲି ମିଶ୍ରଣ, ପୁରୀ ଖଜା ଏବଂ ଚିନାବାଦାମ ପକୋଡ଼ା ଉତ୍କୃଷ୍ଟ ଥିଲା |",ଚିନାବାଦାମ ପକୋଡ଼ା,ଭଲ,Positive
ଘରର ସ୍ୱାଦ ଘରକୁ ଦୋହଲାଇ ଦିଏ,ଘରର ସ୍ୱାଦ,ଭଲ,Positive
ଘରେ ତିଆରି ବ୍ରହ୍ମପୁର ବିଶେଷ ବଡି (ମସଲା),ଘରେ ତିଆରି ବ୍ରହ୍ମପୁର ବିଶେଷ ବଡି,ସାଧାରଣ,Neutral
ମୁଁ ଏବେ ହି ରିତିକାର୍ଟଙ୍କଠାରୁ ବ୍ରହ୍ମପୁର ବଡି କିଣିଥିଲି।,ବ୍ରହ୍ମପୁର ବଡି,ସାଧାରଣ,Neutral
ମୁଁ ଏବେ ହି ରିତିକାର୍ଟଙ୍କଠାରୁ ବ୍ରହ୍ମପୁର ବଡି କିଣିଥିଲି।,ରିତିକାର୍ଟ,ସାଧାରଣ,Neutral
ଉତ୍ତମ ସେବା |,ସେବା,ଭଲ,Positive
ଓଡ଼ିଶାଠାରୁ ଦୂରରେ ଥିବାରୁ ଆମେ ଓଡ଼ିଶାର ବିଶେଷତ୍ୱ ପାଇଁ ଉତ୍କଣ୍ଠିତ।,ଓଡ଼ିଶାର ବିଶେଷତ୍ୱ,ସାଧାରଣ,Neutral
ବଡିର ଗୁଣବତ୍ତା ଚମତ୍କାର ଏବଂ ଅର୍ଡର କରିବାର 3 ଦିନ ମଧ୍ଯ଼ରେ ମୁଁ ମୋ ଜିନିଷ ମୋ ଘରେ ବିତରଣ ହେଲା |,ବଡି,ଭଲ,Positive
ବଡିର ଗୁଣବତ୍ତା ଚମତ୍କାର ଏବଂ ଅର୍ଡର କରିବାର 3 ଦିନ ମଧ୍ଯ଼ରେ ମୁଁ ମୋ ଜିନିଷ ମୋ ଘରେ ବିତରଣ ହେଲା |,ଜିନିଷ,ଭଲ,Positive
ରିତିକାର୍ଟ ମୋର ପ୍ରିଯ଼ ସ୍ଥାନ।,ରିତିକାର୍ଟ,ଭଲ,Positive
ଓଡ଼ିଶା ବିଶେଷ ମୁଡୁକି 150 ଗ୍ରାମ,ଓଡ଼ିଶା ବିଶେଷ ମୁଡୁକି,ଭଲ,Positive
ପ୍ରକୃତରେ ମୁଁ ମୁଡୁକିକୁ ପସନ୍ଦ କରିଥିଲି।,ମୁଡୁକି,ଭଲ,Positive
ଅନ୍ଯ଼ମାନଙ୍କୁ ମଧ୍ଯ଼ କିଣିବାକୁ ପରାମର୍ଶ ଦେବି।,କିଣିବା,ଭଲ,Positive
ସ୍ୱାଦ ଭଲ କିନ୍ତୁ ମୁଁ ଭାବୁଛି ସତେଜତା ଅଂଶ ଉନ୍ନତ ହେବା ଉଚିତ |,ସ୍ୱାଦ,ଭଲ,Positive
ସ୍ୱାଦ ଭଲ କିନ୍ତୁ ମୁଁ ଭାବୁଛି ସତେଜତା ଅଂଶ ଉନ୍ନତ ହେବା ଉଚିତ |,ସତେଜତା ଅଂଶ,ଖରାପ,Negative
ଭାଙ୍ଗିପଡ଼ିଥିବା ଅବସ୍ଥାରେ ସାମଗ୍ରୀ ଗ୍ରହଣ କରାଯାଇଛି |,ସାମଗ୍ରୀ,ଖରାପ,Negative
କଟକ ଜ୍ଯ଼ୋତି ମିଶ୍ରଣ - ସବୁ କିଛି ଗୋଟିଏରେ |,କଟକ ଜ୍ଯ଼ୋତି ମିଶ୍ରଣ,ସାଧାରଣ,Neutral
ଉତ୍ପାଦଗୁଡ଼ିକ ବହୁତ ଭଲ।,ଉତ୍ପାଦ,ଭଲ,Positive
ଦଯ଼ାକରି ପରିବହନ ମୁଲ୍ୟ ଉପରେ ନଜର ପକାନ୍ତୁ।,ପରିବହନ ମୁଲ୍ୟ,ସାଧାରଣ,Neutral
ସେବା ବହୁତ ଭଲ |,ସେବା,ଭଲ,Positive
ଜ୍ଯ଼ୋତି ଖାରା କଟକ ମିଶ୍ରଣ ମସଲାଯୁକ୍ତ ମସଲା ସ୍ୱାଦ ସହିତ ଭଲ |,ଜ୍ଯ଼ୋତି ଖାରା କଟକ ମିଶ୍ରଣ,ଭଲ,Positive
ଉତ୍କୃଷ୍ଟ ସେବା ଏବଂ ଯୋଗାଇ ଦିଆଯାଇଥିବା ସାମଗ୍ରୀର ଗୁଣବତ୍ତା।,ସେବା,ଭଲ,Positive
ଉତ୍କୃଷ୍ଟ ସେବା ଏବଂ ଯୋଗାଇ ଦିଆଯାଇଥିବା ସାମଗ୍ରୀର ଗୁଣବତ୍ତା।,ଯୋଗାଇ ଦିଆଯାଇଥିବା ସାମଗ୍ରୀ,ଭଲ,Positive
ଅର୍ଡର କରିବା ଅତ୍ଯ଼ନ୍ତ ସହଜ ଏବଂ ଉପଯୋଗୀ ୱେବ୍ସାଇଟ୍,ଅର୍ଡର କରିବା ଅତ୍ଯ଼ନ୍ତ ସହଜ,ଭଲ,Positive
ଅର୍ଡର କରିବା ଅତ୍ଯ଼ନ୍ତ ସହଜ ଏବଂ ଉପଯୋଗୀ ୱେବ୍ସାଇଟ୍,ୱେବ୍ସାଇଟ୍,ଭଲ,Positive
ବହୁତ କୁର୍କୁରା ଚାଉଳ ଚକଲି (ସିପୁଲୁ) 200Gm |,ଚାଉଳ ଚକଲି,ସାଧାରଣ,Neutral
କୁର୍କୁରା ଏବଂ ସ୍ୱାଦିଷ୍ଟ,କୁର୍କୁରା,ଭଲ,Positive
କୁର୍କୁରା ଏବଂ ସ୍ୱାଦିଷ୍ଟ,ସ୍ୱାଦିଷ୍ଟ,ଭଲ,Positive
ଭଲ ସ୍ୱାଦ।,ସ୍ୱାଦ,ଭଲ,Positive
ଏହା ଆଶା କରାଯାଉଥିବା ଠାରୁ ଅଧିକ କଷ୍ଟକର ଥିଲା।,Null,ଖରାପ,Negative
ତେଲରୁ ଦୁର୍ଗନ୍ଧ ବାହାରୁଛି।,ତେଲ,ଖରାପ,Negative
ପ୍ରଥମେ କାମୁଡ଼ିବା ପରେ ଏହାକୁ ଫିଙ୍ଗି ଦେଇଥିଲି।,Null,ଖରାପ,Negative
ଏମିତି ଲାଗୁଛି ଯେମିତି ମୁଁ ମୋ ଘରେ ବଡି ଖାଉଛି।,ବଡି,ଭଲ,Positive
ଏଥିପାଇଁ ରିତିକାର୍ଟଙ୍କୁ ଧନ୍ଯ଼ବାଦ।,ରିତିକାର୍ଟ,ଭଲ,Positive
ଘରେ ତିଆରି ବ୍ରହ୍ମପୁର ବିଶେଷ ବଡି,ଘରେ ତିଆରି ବ୍ରହ୍ମପୁର ବିଶେଷ ବଡି,ଭଲ,Positive
ଏହା ପ୍ରକୃତରେ କୁର୍କୁରା ଏବଂ ଭଲ ଥିଲା।,Null,ଭଲ,Positive
ଛତୁଆର ଗୁଣବତ୍ତା ଏବଂ ସ୍ୱାଦ ବହୁତ ଭଲ |,ଛତୁଆ,ଭଲ,Positive
ଖିଚଡିର ଧାନ ସଂଖ୍ୟା ଓ ସଂଖ୍ୟାବାହୁଲ୍ୟ ଏକ ମଧ୍ୟ ଥିଲା।,ଖିଚଡି,ସାଧାରଣ,Neutral
"ତରକାରୀର ସଂଯୋଜନୀ ଭଲ ଥିଲା, କିନ୍ତୁ ଏହା ରସାର ଘନତା ଏକଦମ ସାଧାରଣ ଲାଗିଲା।",ତରକାରୀର ସଂଯୋଜନୀ,ଭଲ,Positive
"ତରକାରୀର ସଂଯୋଜନୀ ଭଲ ଥିଲା, କିନ୍ତୁ ଏହା ରସାର ଘନତା ଏକଦମ ସାଧାରଣ ଲାଗିଲା।",ରସାର ଘନତା,ଖରାପ,Negative
ପ୍ୟାକେଜିଂ ଏବଂ ବିତରଣ ମଧ୍ଯ ଉପଯୁକ୍ତ ସ୍ୱଚ୍ଛତା ଏବଂ ସୁରକ୍ଷା ସହିତ ।,ପ୍ୟାକେଜିଂ,ଭଲ,Positive
ପ୍ୟାକେଜିଂ ଏବଂ ବିତରଣ ମଧ୍ଯ ଉପଯୁକ୍ତ ସ୍ୱଚ୍ଛତା ଏବଂ ସୁରକ୍ଷା ସହିତ ।,ବିତରଣ,ଭଲ,Positive
ସେବା ପାଇଁ ଧନ୍ଯବାଦ।,ସେବା,ଭଲ,Positive
ମୋର ଅର୍ଡର କେଉଁଠି ଅଛି?,ଅର୍ଡର,ସାଧାରଣ,Neutral
ବହୁତ ଖରାପ ସେବା।,ସେବା,ଖରାପ,Negative
ଆଶାନୁରୂପ ନୁହେଁ,ଆଶାନୁରୂପ,ଖରାପ,Negative
ଓଡ଼ିଶା ପ୍ରସିଦ୍ଧ କାମ୍ଯ଼ା/ମହାକାଲୀ ଛତୁଆ,ଓଡ଼ିଶା ପ୍ରସିଦ୍ଧ କାମ୍ଯ଼ା,ସାଧାରଣ,Neutral
ଓଡ଼ିଶା ପ୍ରସିଦ୍ଧ କାମ୍ଯ଼ା/ମହାକାଲୀ ଛତୁଆ,ମହାକାଲୀ ଛତୁଆ,ସାଧାରଣ,Neutral
ଭଲ ଉତ୍ପାଦ ଏବଂ ଭଲ ସେବା।,ଉତ୍ପାଦ,ଭଲ,Positive
ଭଲ ଉତ୍ପାଦ ଏବଂ ଭଲ ସେବା।,ସେବା,ଭଲ,Positive
ସ୍ୱାଦରେ ବହୁତ ଭଲ,ସ୍ୱାଦ,ଭଲ,Positive
ମୋ ଦ୍ୱାରା କିଣାଯାଇଥିବା ଓଡ଼ିଶାର ସୁସ୍ୱାଦୁ କୁର୍କୁରା ପାମ୍ପୁଡ଼ି ଏକ ସ୍ୱାଦିଷ୍ଟ ଉତ୍ପାଦ ନୁହେଁ ଏବଂ ଏହାର ଗୁଣବତ୍ତା ଏହାର ମୁଲ୍ୟକୁ ଠିକ୍ ମୂଲ୍ୟାୟନ କରୁନାହିଁ,ପାମ୍ପୁଡ଼ି,ଭଲ,Positive
ମୋ ଦ୍ୱାରା କିଣାଯାଇଥିବା ଓଡ଼ିଶାର ସୁସ୍ୱାଦୁ କୁର୍କୁରା ପାମ୍ପୁଡ଼ି ଏକ ସ୍ୱାଦିଷ୍ଟ ଉତ୍ପାଦ ନୁହେଁ ଏବଂ ଏହାର ଗୁଣବତ୍ତା ଏହାର ମୁଲ୍ୟକୁ ଠିକ୍ ମୂଲ୍ୟାୟନ କରୁନାହିଁ,ଉତ୍ପାଦ,ଖରାପ,Negative
ଏହି ମଲ୍ଟିଗ୍ରେନ ଛତୁଆ ଉତ୍କୃଷ୍ଟ ଗୁଣବତ୍ତାର ଏବଂ ଏକ ସ୍ୱାସ୍ଥ୍ୟକର ଜଳଖିଆ ବିକଳ୍ପ |,ମଲ୍ଟିଗ୍ରେନ ଛତୁଆ,ଭଲ,Positive
ଭଲ ସ୍ୱାଦ. ଏଥିରେ ପୂର୍ବରୁ ମିଶାଯାଇଥିବା ଚିନି ସହିତ ଅନେକ ପ୍ରକାର ଅଛି... ସହଜ ମିଶ୍ରଣ.. 5 ମିନିଟ୍ ସମଯ଼ ନେଇଥାଏ... ଶୀଘ୍ର ବିତରଣ. ସାମଗ୍ରିକ ସନ୍ତୁଷ୍ଟ |,ସ୍ୱାଦ,ଭଲ,Positive
ଭଲ ସ୍ୱାଦ. ଏଥିରେ ପୂର୍ବରୁ ମିଶାଯାଇଥିବା ଚିନି ସହିତ ଅନେକ ପ୍ରକାର ଅଛି... ସହଜ ମିଶ୍ରଣ.. 5 ମିନିଟ୍ ସମଯ଼ ନେଇଥାଏ... ଶୀଘ୍ର ବିତରଣ. ସାମଗ୍ରିକ ସନ୍ତୁଷ୍ଟ |,ବିତରଣ,ଭଲ,Positive
ଭଲ ସ୍ୱାଦ. ଏଥିରେ ପୂର୍ବରୁ ମିଶାଯାଇଥିବା ଚିନି ସହିତ ଅନେକ ପ୍ରକାର ଅଛି... ସହଜ ମିଶ୍ରଣ.. 5 ମିନିଟ୍ ସମଯ଼ ନେଇଥାଏ... ଶୀଘ୍ର ବିତରଣ. ସାମଗ୍ରିକ ସନ୍ତୁଷ୍ଟ |,Null,ଭଲ,Positive
ଆପଣ କାହିଁକି କେବଳ 2 କିଲୋ ମଧ୍ଯ଼ରେ ସୀମିତ ରଖିଛନ୍ତି?,Null,ଖରାପ,Negative
ଉତ୍ପାଦ ଭଲ ଥିଲା।,ଉତ୍ପାଦ,ଭଲ,Positive
"ବିତରଣର ପଦ୍ଧତି ଭଲ ନୁହେଁ ବରଂ ଭାରତୀଯ଼ ପୋଷ୍ଟ ବଦଳରେ ଆମେ ବିତରଣ ପାଇଁ ଅନ୍ଯ଼ ପଦ୍ଧତି ବ୍ଯ଼ବହାର କରିବୁ, ଏହା ପ୍ରଥମ ହେବା ଉଚିତ।",ବିତରଣର ପଦ୍ଧତି,ଖରାପ,Negative
"ବିତରଣରି ପଦ୍ଧତି ଭଲ ନୁହେଁ ବରଂ ଭାରତୀଯ଼ ପୋଷ୍ଟ ବଦଳରେ ଆମେ ବିତରଣ ପାଇଁ ଅନ୍ଯ଼ ପଦ୍ଧତି ବ୍ଯ଼ବହାର କରିବୁ, ଏହା ପ୍ରଥମ ହେବା ଉଚିତ।",ଭାରତୀଯ଼ ପୋଷ୍ଟ,ଖରାପ,Negative
ବିତରଣ ସମଯ଼ ବହୁତ ଲମ୍ବା।,ବିତରଣ ସମଯ଼,ଖରାପ,Negative
ସୁସ୍ୱାଦୁ ମସଲା ଆମ୍ବ ପାମ୍ପଡ (ଆମ୍ବ ମସଲା/ଆମ୍ବ ଟଫି) 200 ଗ୍ରାମ୍,ମସଲା ଆମ୍ବ ପାମ୍ପଡ,ଭଲ,Positive
ବହୁତ ଭଲ ଏବଂ ସୁସ୍ୱାଦୁ,ସୁସ୍ୱାଦୁ,ଭଲ,Positive
ମସଲା ଆମ୍ବ ପାମ୍ପଡ ବଦଳରେ ମୁଁ ନିଯ଼ମିତ ସାଦା ଆମ୍ବ ପାମ୍ପଡ ଗ୍ରହଣ କଲି।,ଆମ୍ବ ପାମ୍ପଡ,ଖରାପ,Negative
ସୁସ୍ୱାଦୁ ଏବଂ ଏହାର ଶୀର୍ଷରେ ସମଯ଼ୋଚିତ ବିତରଣ କେକ୍ ଉପରେ ଏକ ଆଇସିଂ ଥିଲା |,ସୁସ୍ୱାଦୁ,ଭଲ,Positive
ସୁସ୍ୱାଦୁ ଏବଂ ଏହାର ଶୀର୍ଷରେ ସମଯ଼ୋଚିତ ବିତରଣ କେକ୍ ଉପରେ ଏକ ଆଇସିଂ ଥିଲା |,ବିତରଣ,ଭଲ,Positive
ସ୍ୱାଦ ବହୁତ ଭଲ ଥିଲା।,ସ୍ୱାଦ,ଭଲ,Positive
ଆମକୁ ଭଲ ଲାଗିଲା।,Null,ଭଲ,Positive
"ଚ଼ାଟଣୀର ସ୍ୱାଦ ଭଲ ଥିଲା, କିନ୍ତୁ ସେଇଟିକି ଖାସ ଦାମର ହିସାବରେ କୌଣସି ବିଶେଷତା ଦେଖିବାକୁ ମିଳିଲା ନାହିଁ।",ଚ଼ାଟଣୀର ସ୍ୱାଦ,ସାଧାରଣ,Neutral
ମିଠା ଲୁଣିଆ ଏବଂ ମସଲାଯୁକ୍ତ ... ଏହାର ସ୍ବାଦ ... ଏହାକୁ ଭଲ ପାଉଥିଲା ... ଏହାକୁ 2 ଦିନରେ ସମାପ୍ତ କରିଥିଲି |,ସ୍ବାଦ,ଭଲ,Positive
ପିଠାର ପକାଣ୍ଟ ଏକଦମ ସଠିକ ହୋଇନଥିଲା।,ପିଠାର ପକାଣ୍ଟ,ଖରାପ,Negative
ପୁଣିଥରେ ଅର୍ଡର କରିବାକୁ ପଡ଼ିବ,ଅର୍ଡର,ଭଲ,Positive
ଆମକୁ ଗୋଟିଏ ସମଯ଼ରେ 1 କେଜି ଅର୍ଡର କରିବାକୁ ଅନୁମତି ଦିଆଯିବା ଉଚିତ।,Null,ସାଧାରଣ,Neutral
ଭଲ ବିତରଣ,ବିତରଣ,ଭଲ,Positive
ଭଲ ପ୍ଯ଼ାକିଂ,ପ୍ଯ଼ାକିଂ,ଭଲ,Positive
ଏହା ମୋର ପ୍ରିଯ଼,Null,ଭଲ,Positive
ଚା 'ସହିତ ସ୍ୱାଦ,Null,ସାଧାରଣ,Neutral
ଏହାକୁ କିଣନ୍ତୁ।,Null,ସାଧାରଣ,Neutral
ଓଡ଼ିଶା ପ୍ରସିଦ୍ଧ ସାଦା (ସାଦା) ମିଶ୍ରଣ,ସାଦା ମିଶ୍ରଣ,ଭଲ,Positive
ଉତ୍ପାଦ ଭଲ କିନ୍ତୁ ଅର୍ଡର ଟ୍ରାକିଂ ସିଷ୍ଟମ୍ ବହୁତ ଖରାପ |,ଉତ୍ପାଦ,ଭଲ,Positive
ଉତ୍ପାଦ ଭଲ କିନ୍ତୁ ଅର୍ଡର ଟ୍ରାକିଂ ସିଷ୍ଟମ୍ ବହୁତ ଖରାପ |,ଅର୍ଡର ଟ୍ରାକିଂ ସିଷ୍ଟମ୍,ଖରାପ,Negative
ଜିନିଷଟି କେବେ ବିତରଣ ହେବ ତାହା ପୂର୍ବରୁ ଜାଣିବାର କୌଣସି ଉପାୟ ନାହିଁ।,ଜିନିଷ,ଖରାପ,Negative
ଏତେ ସ୍ୱାଦିଷ୍ଟ ନୁହେଁ।,Null,ଖରାପ,Negative
1.ସବୁ ଜିନିଷଗୁଡ଼ିକ ପାମ୍ପୁଡ଼ି ଗାଠିଆ ବ୍ଯ଼ତୀତ ଭଲ ଥିଲା ଯାହା ସମ୍ପୂର୍ଣ୍ଣ ଭାଙ୍ଗିଥିବା ପର୍ଯ୍ଯ଼ାଯ଼ରେ ଗ୍ରହଣ କରାଯାଇଥିଲା |,ଜିନିଷ,ଭଲ,Positive
1.ସବୁ ଜିନିଷଗୁଡ଼ିକ ପାମ୍ପୁଡ଼ି ଗାଠିଆ ବ୍ଯ଼ତୀତ ଭଲ ଥିଲା ଯାହା ସମ୍ପୂର୍ଣ୍ଣ ଭାଙ୍ଗିଥିବା ପର୍ଯ୍ଯ଼ାଯ଼ରେ ଗ୍ରହଣ କରାଯାଇଥିଲା |,ପାମ୍ପୁଡ଼ି ଗାଠିଆ,ଖରାପ,Negative
2. ପୁରୀ ଖଜା କାମୁଡ଼ିବା ଅତ୍ଯ଼ନ୍ତ କଷ୍ଟକର ଥିଲା ଏବଂ ମୁଁ ପୁରୀ ସହରର ଜଣେ ଉପଯୁକ୍ତ ବାସିନ୍ଦା ଏବଂ ଏହାର ସ୍ୱାଦ ଜାଣିଥିବାରୁ ସ୍ଥାନୀଯ଼ ଭାବରେ ସଂଗୃହିତ ହୋଇଥିବା ପରି ମନେ ହୁଏ |,ପୁରୀ ଖଜା,ଖରାପ,Negative
2. ପୁରୀ ଖଜା କାମୁଡ଼ିବା ଅତ୍ଯ଼ନ୍ତ କଷ୍ଟକର ଥିଲା ଏବଂ ମୁଁ ପୁରୀ ସହରର ଜଣେ ଉପଯୁକ୍ତ ବାସିନ୍ଦା ଏବଂ ଏହାର ସ୍ୱାଦ ଜାଣିଥିବାରୁ ସ୍ଥାନୀଯ଼ ଭାବରେ ସଂଗୃହିତ ହୋଇଥିବା ପରି ମନେ ହୁଏ |,ପୁରୀ ଖଜା,ସାଧାରଣ,Neutral
ଚମତ୍କାର ଗାଠିଆ ଯାହା କୁର୍କୁରା ଏବଂ ଗୁଣବତ୍ତା ଅକ୍ଷୁର୍ଣ୍ଣ | |,ଗାଠିଆ,ଭଲ,Positive
ସେମାନଙ୍କର ସେବା ବହୁତ ଭଲ ଥିଲା ଏବଂ ମୁଁ ଅଳ୍ପ ସମଯ଼ ମଧ୍ଯ଼ରେ ମୋ ଦ୍ୱାରଦେଶରେ ମୋର ଅର୍ଡର ପାଇଲି।,ସେବା,ଭଲ,Positive
ଚକୁଲି ପିଠାର ପତ୍ଳାଇ ଏବଂ ଶକ୍ତ ନାହିଁ ଥିଲା।,ଚକୁଲି ପିଠା,ସାଧାରଣ,Neutral
ସେମାନଙ୍କର ସେବା ବହୁତ ଭଲ ଥିଲା ଏବଂ ମୁଁ ଅଳ୍ପ ସମଯ଼ ମଧ୍ଯ଼ରେ ମୋ ଦ୍ୱାରଦେଶରେ ମୋର ଅର୍ଡର ପାଇଲି।,ଅର୍ଡର,ଭଲ,Positive
ଗାଠିଆ ବହୁତ ଛୋଟ ଛୋଟ ଖଣ୍ଡରେ ଭାଙ୍ଗିଗଲା |,ଗାଠିଆ,ଖରାପ,Negative
ମିଠା ଆମ୍ବ ଆଚାର/ଆମ୍ବର ଖଟା ମିଠା ଆଚାର/ଅମ୍ବ ଆଚାର,ମିଠା ଆମ୍ବ ଆଚାର,ସାଧାରଣ,Neutral
ମିଠା ଆମ୍ବ ଆଚାର/ଆମ୍ବର ଖଟା ମିଠା ଆଚାର/ଅମ୍ବ ଆଚାର,ଆମ୍ବର ଖଟା ମିଠା ଆଚାର,ସାଧାରଣ,Neutral
ମିଠା ଆମ୍ବ ଆଚାର/ଆମ୍ବର ଖଟା ମିଠା ଆଚାର/ଅମ୍ବ ଆଚାର,ଅମ୍ବ ଆଚାର,ସାଧାରଣ,Neutral
"ମୁଁ ମୋ ଆଚାରରେ ରସୁଣ ପସନ୍ଦ କରେ ନାହିଁ, ଏହାର ସ୍ୱାଦ ଅଧିକ ପସନ୍ଦ କରେ ନାହିଁ।",ଆଚାର,ଖରାପ,Negative
"ଭଲ ସ୍ୱାଦ, ଭଲ ପ୍ୟାକେଜିଂ।",ସ୍ୱାଦ,ଭଲ,Positive
"ଭଲ ସ୍ୱାଦ, ଭଲ ପ୍ୟାକେଜିଂ।",ପ୍ୟାକେଜିଂ,ଭଲ,Positive
ପାଇ ଖୁସି ହେଲେ।,Null,ଭଲ,Positive
ରିତିକାର୍ଟଙ୍କ ଠାରୁ ସୋମନାଥ ଜୀ ଜଣେ ଅତ୍ଯ଼ନ୍ତ ସହାଯ଼କ ଏବଂ ପେସାଦାର ବ୍ଯ଼କ୍ତି।,ରିତିକାର୍ଟଙ୍କ ଠାରୁ ସୋମନାଥ ଜୀ,ଭଲ,Positive
"କୁରିଯ଼ର କମ୍ପାନୀ ମୋ ଅର୍ଡର ହରାଇଥିଲା, ତେଣୁ ସେ ତୁରନ୍ତ ମୋ ପାଇଁ ଏକ ନୂଆ ପାର୍ସଲକୁ ନେଇ ଅସନ୍ତୋଷ ପ୍ରକାଶ କରିଥିଲେ ଏବଂ ଏହା ଶୀଘ୍ର ପହଞ୍ଚିବ ବୋଲି ସୁନିଶ୍ଚିତ କରିଥିଲେ।",କୁରିଯ଼ର କମ୍ପାନୀ,ଖରାପ,Negative
"କୁରିଯ଼ର କମ୍ପାନୀ ମୋ ଅର୍ଡର ହରାଇଥିଲା, ତେଣୁ ସେ ତୁରନ୍ତ ମୋ ପାଇଁ ଏକ ନୂଆ ପାର୍ସଲକୁ ନେଇ ଅସନ୍ତୋଷ ପ୍ରକାଶ କରିଥିଲେ ଏବଂ ଏହା ଶୀଘ୍ର ପହଞ୍ଚିବ ବୋଲି ସୁନିଶ୍ଚିତ କରିଥିଲେ।",ନୂଆ ପାର୍ସଲ,ଭଲ,Positive
ସୋମନାଥ ଜୀ ଏବଂ ରିତିକାର୍ଟଙ୍କ ଦଳକୁ ବହୁତ ବହୁତ ଧନ୍ଯ଼ବାଦ।,ସୋମନାଥ ଜୀ,ଭଲ,Positive
ସୋମନାଥ ଜୀ ଏବଂ ରିତିକାର୍ଟଙ୍କ ଦଳକୁ ବହୁତ ବହୁତ ଧନ୍ଯ଼ବାଦ।,ରିତିକାର୍ଟଙ୍କ ଦଳ,ଭଲ,Positive
ନିଶ୍ଚିତ ଭାବରେ ସର୍ବୋତ୍ତମ ରସଗୁଲ୍ଲା ଯାହା ଜଣେ ପାଇପାରିବ |,ରସଗୁଲ୍ଲା,ଭଲ,Positive
ଓଡ଼ିଶା ଛାଡ଼ି ଚାଲିଯିବାର 25 ବର୍ଷ ପରେ ଏଗୁଡ଼ିକ ଏପରି ଏକ ଜିନିଷ ଥିଲା ଯାହାକୁ ମୁଁ ଦୀର୍ଘ ଦିନ ଧରି ଚାହୁଁଥିଲି।,ଏପରି ଏକ ଜିନିଷ,ସାଧାରଣ,Neutral
"ଜାଣିବାକୁ ପାଇଲି ଯେ ରିତିକାର୍ଟଙ୍କ ପାଖରେ ଏସବୁ ଥିଲା, ସମଯ଼ ନଷ୍ଟ ନକରି 8ଟି ଡ଼ବା ଅର୍ଡର କରିଥିଲେ।",ରିତିକାର୍ଟ,ଭଲ,Positive
"ଜାଣିବାକୁ ପାଇଲି ଯେ ରିତିକାର୍ଟଙ୍କ ପାଖରେ ଏସବୁ ଥିଲା, ସମଯ଼ ନଷ୍ଟ ନକରି 8ଟି ଡ଼ବା ଅର୍ଡର କରିଥିଲେ।",ଡ଼ବା,ଭଲ,Positive
"ମୁଁ ଭାବିଲି ଏହାକୁ ସ୍ଵାଦିଷ୍ଟ ଭାବେ ପାଇବି, କିନ୍ତୁ ପିଠାରେ ସଂଯୋଜିତ ସାମଗ୍ରୀ ବିନ୍ଦୁମାତ୍ର ଭଲ ନଥିଲା।",ସଂଯୋଜିତ ସାମଗ୍ରୀ,ଖରାପ,Negative
ବିତରଣ ଠିକ୍ ସମଯ଼ରେ ହୋଇଥିଲା ଏବଂ ସ୍ୱାଦ ସନ୍ତୋଷଜନକ ଥିଲା।,ବିତରଣ,ଭଲ,Positive
ବିତରଣ ଠିକ୍ ସମଯ଼ରେ ହୋଇଥିଲା ଏବଂ ସ୍ୱାଦ ସନ୍ତୋଷଜନକ ଥିଲା।,ସ୍ୱାଦ,ଭଲ,Positive
ମୁଁ ବିକଳନନ୍ଦ କର୍ରୁ ଖିରମୋହନ ମୋ ପୁଣେ ସ୍ଥାନକୁ ଅର୍ଡର କଲି ଏବଂ ମିଠା ବହୁତ ଭଲ ଥିଲା।,ବିକଳନନ୍ଦ କର୍ରୁ ଖିରମୋହନ,ଭଲ,Positive
ଏହା ଆଦୌ ନଷ୍ଟ ହୋଇନଥିଲା।,Null,ଭଲ,Positive
"ଏହା ସେହି ଗୁଣବତ୍ତାର ନଥିଲା ଯାହା ଅତ୍ଯ଼ନ୍ତ କଠିନ, ତେଣୁ ସେହି ଗୁଣବତ୍ତା ସୁନିଶ୍ଚିତ କରନ୍ତୁ ଯାହା ପାଇଁ ବିକଳ କର୍ ପ୍ରସିଦ୍ଧ, ତେଣୁ ମୋ ଆଶା ଅନୁଯାଯ଼ୀ ନୁହେଁ।",Null,ଖରାପ,Negative
"ଏହା ସେହି ଗୁଣବତ୍ତାର ନଥିଲା ଯାହା ଅତ୍ଯ଼ନ୍ତ କଠିନ, ତେଣୁ ସେହି ଗୁଣବତ୍ତା ସୁନିଶ୍ଚିତ କରନ୍ତୁ ଯାହା ପାଇଁ ବିକଳ କର୍ ପ୍ରସିଦ୍ଧ, ତେଣୁ ମୋ ଆଶା ଅନୁଯାଯ଼ୀ ନୁହେଁ।",ବିକଳ କର୍,ଭଲ,Positive
ଏହା ମସଲାଯୁକ୍ତ ଏବଂ ସ୍ୱାଦିଷ୍ଟ ଥିଲା।,Null,ଭଲ,Positive
ଶୁଖିଲା ଆମ୍ବୁଲ ଆଚାର।,ଆମ୍ବୁଲ ଆଚାର,ସାଧାରଣ,Neutral
ମୋ ଆଈ ଏହି ପ୍ରକାରର ଆଚାର ତିଆରି କରୁଥିଲେ।,ଆଚାର,ସାଧାରଣ,Neutral
ଅନେକ ବର୍ଷ ପରେ ଏହାର ସ୍ୱାଦ ସମାନ ଥିଲା।,ସ୍ୱାଦ,ସାଧାରଣ,Neutral
"ଖାଦ୍ୟର ପରିବେଶନ ସହିତ କୌଣସି ସୃଷ୍ଟିଶୀଳତା ନ ଥିଲା, ଯାହା ମୋ ଖାଇବା ଅଭିଯୋଗର ଅନୁଭବକୁ ବଢ଼ାଇ ଦେଲା।",ଖାଦ୍ୟର ପରିବେଶନ,ଖରାପ,Negative
"ସମ୍ପୂର୍ଣ୍ଣ ପ୍ରାମାଣିକ ଓଡ଼ିଆ ଖାଦ୍ଯ଼ ଏବଂ ଏହାକୁ କିଣିବା ପାଇଁ ସୁପାରିଶ କରାଯାଇପାରେ, ବିଶେଷ କରି ଓଡ଼ିଆ ଯେଉଁମାନେ ସମସ୍ତେ ପରିବାର/ଓଡ଼ିଶା ଠାରୁ ଦୂରରେ ରହୁଛନ୍ତି।",ଓଡ଼ିଆ ଖାଦ୍ଯ଼,ଭଲ,Positive
"ଏହାର ମୂଲ ରୁଚି ଏବଂ ସ୍ୱାଦ ଉଭୟ, ମୁଁ ନିଶ୍ଚିତ ଭାବରେ ସୁପାରିଶ କରିବି |",Null,ଭଲ,Positive
ମୁଁ ପୁଣେକୁ କିଛି ଜଳଖିଆ ଅର୍ଡର କରିଥିଲି।,ଜଳଖିଆ,ସାଧାରଣ,Neutral
ଏଠାରେ ପହଞ୍ଚିବା ପାଇଁ 8 ଦିନ ସମଯ଼ ଲାଗିଥିଲା।,Null,ସାଧାରଣ,Neutral
ମୁଲ୍ୟ ଯୁକ୍ତିସଙ୍ଗତ ଏବଂ ଗୁଣବତ୍ତା ମଧ୍ଯ ଭଲ |,ମୁଲ୍ୟ,ଭଲ,Positive
ମୁଲ୍ୟ ଯୁକ୍ତିସଙ୍ଗତ ଏବଂ ଗୁଣବତ୍ତା ମଧ୍ଯ ଭଲ |,ଗୁଣବତ୍ତା,ଭଲ,Positive
ବ୍ରହ୍ମପୁର ସ୍ୱତନ୍ତ୍ର ଚଣା ଡାଲି ମିଶ୍ରଣ 500 ଗ୍ରାମ୍,ଚଣା ଡାଲି ମିଶ୍ରଣ,ସାଧାରଣ,Neutral
ଏହାକୁ ଅନଲାଇନରୁ କିଣନ୍ତୁ,Null,ସାଧାରଣ,Neutral
ଏହାର ସ୍ୱାଦ ବାସ୍ତବରେ ବହୁତ ଭଲ।,ସ୍ୱାଦ,ଭଲ,Positive
ଚିନାବାଦାମ ପରିମାଣ ବହୁତ କମ୍ ତେଣୁ 4 ତାରା ଦେଇଛି |,ଚିନାବାଦାମ ପରିମାଣ,ଖରାପ,Negative
ମୋତେ ଭଜା ଚିନାବାଦାମ ପକାଇବାକୁ ପଡ଼ିଲା।,ଭଜା ଚିନାବାଦାମ,ସାଧାରଣ,Neutral
400 ଗ୍ରାମ୍ ମାତ୍ର 109,Null,ଭଲ,Positive
"ଜିନିଷ କୁର୍କୁରା, ତାଜା ଏବଂ ଭଲ ସ୍ୱାଦ |",ଜିନିଷ,ଭଲ,Positive
"ଜିନିଷ କୁର୍କୁରା, ତାଜା ଏବଂ ଭଲ ସ୍ୱାଦ |",ସ୍ୱାଦ,ଭଲ,Positive
ମୁଁ ରିତିକାର୍ଟଙ୍କଠାରୁ ଏହି କେନ୍ଦୁଝର ବଡି କିଣିଥିଲି।,କେନ୍ଦୁଝର ବଡି,ସାଧାରଣ,Neutral
ମୁଁ ରିତିକାର୍ଟଙ୍କଠାରୁ ଏହି କେନ୍ଦୁଝର ବଡି କିଣିଥିଲି।,ରିତିକାର୍ଟ,ସାଧାରଣ,Neutral
ଅର୍ଡର ତାରିଖ ଠାରୁ 5 ଦିନ ମଧ୍ଯରେ ମୁଁ ମୋର ପ୍ଯ଼ାକେଟ୍ ପାଇଲି।,ପ୍ଯ଼ାକେଟ୍,ସାଧାରଣ,Neutral
ଓଡ଼ିଶା ଶୁଖିଲା ଖାଦ୍ଯର ବହୁତ ଭଲ ଗୁଣବତ୍ତା ପ୍ରଦାନ କରୁଥିବା ଏକ ୱେବସାଇଟ୍ ଦେଖି ମୁଁ ବହୁତ ଖୁସି।,ଓଡ଼ିଶା ଶୁଖିଲା ଖାଦ୍ଯ,ଭଲ,Positive
ବଡ ଅଙ୍ଗୁଠା ତାଙ୍କୁ..!! ଭଲ କାମ,କାମ,ଭଲ,Positive
କେନ୍ଦୁଝର ସ୍ୱତନ୍ତ୍ର କଖାରୁ ବଡି,କଖାରୁ ବଡି,ଭଲ,Positive
ଉତ୍କୃଷ୍ଟ ଗୁଣବତ୍ତା ଏବଂ ଗ୍ରାହକ ସେବା।,ଗୁଣବତ୍ତା,ଭଲ,Positive
ଉତ୍କୃଷ୍ଟ ଗୁଣବତ୍ତା ଏବଂ ଗ୍ରାହକ ସେବା।,ଗ୍ରାହକ ସେବା,ଭଲ,Positive
ଆମେ ଠିକ୍ ସମଯ଼ରେ ବଡିର ପ୍ଯ଼ାକେଜ୍ ପାଇଲୁ।,ବଡିର ପ୍ଯ଼ାକେଜ୍,ଭଲ,Positive
"ଖଣ୍ଡ ଖଣ୍ଡ ହୋଇ ଭାଙ୍ଗିଯାଇଥିବା, କିଛି ପୁରା ବଡି ସେଠାରେ ଥିଲା",ବଡି,ଖରାପ,Negative
ଉତ୍ପାଦ ଏବଂ ତୁରନ୍ତ ସେବାକୁ ପସନ୍ଦ କଲେ।,ଉତ୍ପାଦ,ଭଲ,Positive
ଉତ୍ପାଦ ଏବଂ ତୁରନ୍ତ ସେବାକୁ ପସନ୍ଦ କଲେ।,ସେବା,ଭଲ,Positive
"ଯେତେବେଳେ ଆମେ ଏହାକୁ ଆମ ରୋଷେଇ ଘରେ ବ୍ଯ଼ବହାର କରିବା ଆରମ୍ଭ କରୁ, ଏହାର ସ୍ୱାଦ ଭିନ୍ନ ହୋଇଥାଏ, ଗନ୍ଧ ଭିନ୍ନ ହୋଇଥାଏ (ଏକ ଭଲ ଉପାଯ଼ରେ), ବଜାରରେ ଏହାର ସମକକ୍ଷମାନଙ୍କ ପରି ତରକାରୀରେ ସେତେ ରଙ୍ଗ ଯୋଡ଼େ ନାହିଁ, ଯାହା ପ୍ରାମାଣିକ ଅଟେ।",Null,ଖରାପ,Negative
"ସମସ୍ତଙ୍କୁ ନମସ୍କାର, ମୁଁ ଏବେ ହି ରିତିକାର୍ଟଙ୍କଠାରୁ କନ୍ଧମାଳ ହଳଦୀ କିଣିଛି।",କନ୍ଧମାଳ ହଳଦୀ,ସାଧାରଣ,Neutral
"ସମସ୍ତଙ୍କୁ ନମସ୍କାର, ମୁଁ ଏବେ ହି ରିତିକାର୍ଟଙ୍କଠାରୁ କନ୍ଧମାଳ ହଳଦୀ କିଣିଛି।",ରିତିକାର୍ଟ,ସାଧାରଣ,Neutral
ମୁଁ ନିଶ୍ଚଯ଼ କହିବି ଯେ ସେମାନଙ୍କର ସେବା ସମ୍ପୂର୍ଣ୍ଣ ଚମତ୍କାର ଥିଲା।,ସେବା,ଭଲ,Positive
ସମଗ୍ର ଦଳ ଦ୍ୱାରା ମୋ ଅର୍ଡରକୁ ଯେଉଁଭଳି ଭାବରେ ପରିଚାଳନା କରାଯାଉଥିଲା ତାହା ଅତ୍ଯ଼ନ୍ତ ଚମତ୍କାର ଥିଲା।,ଅର୍ଡର,ଭଲ,Positive
ସମଗ୍ର ଦଳ ଦ୍ୱାରା ମୋ ଅର୍ଡରକୁ ଯେଉଁଭଳି ଭାବରେ ପରିଚାଳନା କରାଯାଉଥିଲା ତାହା ଅତ୍ଯ଼ନ୍ତ ଚମତ୍କାର ଥିଲା।,ଦଳ,ଭଲ,Positive
ଭବିଷ୍ଯ଼ତରେ ମଧ୍ଯ଼ ସେମାନେ ନିଜର ଉତ୍ତମ ସେବା ଜାରି ରଖନ୍ତୁ ବୋଲି ମୁଁ କାମନା କରୁଛି।,ସେବା,ଭଲ,Positive
ବିନା କୌଣସି କ୍ଷତିରେ ଗ୍ରହଣ କରାଯାଇଥିଲା ଏବଂ ଭଲ ଲାଗିଲା ।,Null,ଭଲ,Positive
ଉତ୍କୃଷ୍ଟ ଉତ୍ପାଦ ଏବଂ ଗ୍ରାହକ ସେବା।,ଉତ୍ପାଦ,ଭଲ,Positive
ଉତ୍କୃଷ୍ଟ ଉତ୍ପାଦ ଏବଂ ଗ୍ରାହକ ସେବା।,ଗ୍ରାହକ ସେବା,ଭଲ,Positive
ଏହାକୁ ଜାରି ରଖନ୍ତୁ।,Null,ଭଲ,Positive
ବ୍ରହ୍ମପୁର ସ୍ୱତନ୍ତ୍ର ରସି ମସଲା ପାମ୍ପଡ଼ (ରସୁଣର ସ୍ୱାଦ) 150 ଗ୍ରାମ,ରସି ମସଲା ପାମ୍ପଡ଼,ଭଲ,Positive
ଏହାକୁ କମ୍ ମସଲାଯୁକ୍ତ କରନ୍ତୁ।,Null,ସାଧାରଣ,Neutral
ଓଡ଼ିଶାର ପ୍ରସିଦ୍ଧ ଉତ୍କଳ ଛତୁଆ,ଉତ୍କଳ ଛତୁଆ,ଭଲ,Positive
ମୁଁ ପାଇଥିବା ଛତୁଆ ବହୁତ ଭଲ ଏବଂ ସ୍ୱାଦିଷ୍ଟ |,ଛତୁଆ,ଭଲ,Positive
ମୋତେ ଏହା ବହୁତ ଭଲ ଲାଗିଲା।,Null,ଭଲ,Positive
ପ୍ରଥମ ଥର ପାଇଁ ରିତିକାର୍ଟ ବ୍ଯ଼ବହାର କରିଥିଲେ।,ରିତିକାର୍ଟ,ସାଧାରଣ,Neutral
ମୋଟାମୋଟି ଭାବେ ଭଲ ଅଭିଜ୍ଞତା।,ଅଭିଜ୍ଞତା,ଭଲ,Positive
ସେମାନେ ମୁମ୍ବାଇକୁ ଉତ୍ପାଦ ପହଞ୍ଚାଇଥିଲେ।,ଉତ୍ପାଦ,ସାଧାରଣ,Neutral
ପ୍ୟାକେଜିଂ ଭଲ ଥିଲା।,ପ୍ୟାକେଜିଂ,ଭଲ,Positive
ମୁଁ ପ୍ରତିଦିନ ଉତ୍କଳ ଛତୁଆକୁ ମୋ କାର୍ଯ୍ଯକ୍ଷେତ୍ରକୁ ନେଇଯାଏ ଏବଂ ମୁଁ ମୋର ବ୍ରେକ୍ ସମୟରେ ଏହାକୁ ଉପଭୋଗ କରେ | |,ଉତ୍କଳ ଛତୁଆ,ଭଲ,Positive
ଏହା ମୋତେ ସମ୍ପୂର୍ଣ୍ଣ ଶକ୍ତି ଦେଇଥାଏ ଏବଂ ମୋତେ ମୋ କାମ ପାଇଁ ଉପଯୁକ୍ତ କରିଥାଏ।,Null,ଭଲ,Positive
ଧନ୍ଯବାଦ ରିତିକାର୍ଟ।,ରିତିକାର୍ଟ,ଭଲ,Positive
ମୁଁ ଚକୋଲେଟ୍ ସ୍ୱାଦ ଅର୍ଡର କରିଥିଲି।,ଚକୋଲେଟ୍ ସ୍ୱାଦ,ସାଧାରଣ,Neutral
ଛତୁଆର ଗୁଣବତ୍ତା ଭଲ।,ଛତୁଆ,ଭଲ,Positive
ମୁଣ୍ଡା ପିଠାର ଖସି ଥିଲା କାର୍ଯ୍ୟକ୍ଷମ।,ମୁଣ୍ଡା ପିଠା,ସାଧାରଣ,Neutral
ରିତିକାର୍ଟ ଦ୍ୱାରା ବିଶେଷ ଯତ୍ନ ନିଆଯାଇଥିଲା।,ରିତିକାର୍ଟ,ଭଲ,Positive
ସେମାନେ ସମସ୍ତ ଉତ୍ପାଦକୁ ଅତି ସୁନ୍ଦର ଭାବେ ପ୍ଯ଼ାକ୍ କରିଥିଲେ।,ଉତ୍ପାଦ,ଭଲ,Positive
ପଖାଳର ଲୁଣ ଏହାର ସ୍ୱାଦକୁ ବଦଳାଇଲା ନାହିଁ।,ପଖାଳ,ସାଧାରଣ,Neutral
"ଭଲ ହେଲା ଯେ ଭୁବନେଶ୍ୱରରୁ ହଜାର ହଜାର କିଲୋମିଟର ଦୂରରେ ରହି ସେମାନେ ଆମକୁ ଏହି ଉତ୍ପାଦଗୁଡ଼ିକୁ ଆମ ଘରେ ପହଞ୍ଚାଇବାରେ ସାହାଯ୍ଯ଼ କରୁଛନ୍ତି, ଭଲ କାମ ଦଳ।",ଉତ୍ପାଦ,ଭଲ,Positive
"ଭଲ ହେଲା ଯେ ଭୁବନେଶ୍ୱରରୁ ହଜାର ହଜାର କିଲୋମିଟର ଦୂରରେ ରହି ସେମାନେ ଆମକୁ ଏହି ଉତ୍ପାଦଗୁଡ଼ିକୁ ଆମ ଘରେ ପହଞ୍ଚାଇବାରେ ସାହାଯ୍ଯ଼ କରୁଛନ୍ତି, ଭଲ କାମ ଦଳ।",ଦଳ,ଭଲ,Positive
ମୁଁ ଦୀର୍ଘ ସମଯ଼ ପରେ ଛତୁଆ ନେଇଛି ଏବଂ ମୋତେ ବିଶ୍ୱାସ କର ଏହା ଚମତ୍କାର |,ଛତୁଆ,ଭଲ,Positive
ଆମେ ଏହି ଦେଶୀ ଖାଦ୍ଯକୁ ଚେଷ୍ଟା କରିବା ଉଚିତ୍।,ଦେଶୀ ଖାଦ୍ଯ,ଭଲ,Positive
ଏହାକୁ ଭଲ ପାଏ।,Null,ଭଲ,Positive
ରସଗୋଲାର ରଙ୍ଗ ସାଧାରଣ ଥିଲା।,ରସଗୋଲା,ସାଧାରଣ,Neutral
ଉତ୍କଳ ଛତୁଆରେ ସମସ୍ତ ଉପାଦାନ ରହିଛି।,ଉତ୍କଳ ଛତୁଆ,ଭଲ,Positive
ଏହାର ସ୍ୱାଦ ଭଲ ଏବଂ ଏହା ଭିନ୍ନ ସ୍ୱାଦରେ ଉପଲବ୍ଧ ଯାହା ଅନ୍ଯ ଛତୁଆ ମଧ୍ଯରେ ଏହାର ଯ଼ୁଏସପି |,ଛତୁଆ,ଭଲ,Positive
ଏହାକୁ ପାଇବା ଦ୍ୱାରା ଜଣେ ପ୍ରକୃତରେ ଅନୁଭବ କରିପାରିବ।,Null,ସାଧାରଣ,Neutral
ମୁଁ ଏବେ ହି ଏହି ଛତୁଆ ଅର୍ଡର କରିଛି।,ଛତୁଆ,ସାଧାରଣ,Neutral
ମୁଁ ନିଶ୍ଚଯ଼ କହିବି ଯେ ବଜାରରେ ଉପଲବ୍ଧ ନିଯ଼ମିତ ଛତୁଆ ଠାରୁ ଏହି ଉତ୍କଳ ଛତୁଆ ସମ୍ପୂର୍ଣ୍ଣ ଭିନ୍ନ ଏବଂ ଅନନ୍ଯ଼।,ଉତ୍କଳ ଛତୁଆ,ଭଲ,Positive
ମୁଁ ମୋର ବନ୍ଧୁମାନଙ୍କୁ ଥରେ ଏହାକୁ ଚେଷ୍ଟା କରିବାକୁ ଦୃଢ ଭାବରେ ସୁପାରିଶ କରେ |,Null,ଭଲ,Positive
ଆପଣ ନିଶ୍ଚିତ ଭାବେ ଏହାକୁ ପସନ୍ଦ କରିବେ।,Null,ଭଲ,Positive
ମୁଁ ଆମ୍ବ ସ୍ୱାଦଯୁକ୍ତ ଛତୁଆ ଅର୍ଡର କରିଛି କିନ୍ତୁ ଚକୋଲେଟ୍ ସ୍ୱାଦ ପାଇଛି।,ଆମ୍ବ ସ୍ୱାଦଯୁକ୍ତ ଛତୁଆ,ଖରାପ,Negative
ଯାହା ମୋର ଚିନ୍ତାଧାରାକୁ ବିସ୍ତୃତ କରିବା ଉଚିତ।,ଚିନ୍ତାଧାରା,ସାଧାରଣ,Neutral
"ମୁଁ ଚୁଡ଼ା ମିଶ୍ରଣ ଅର୍ଡର କରୁଛି, ଏହା କଦାପି ନିରାଶ କରେ ନାହିଁ।",ଚୁଡ଼ା ମିଶ୍ରଣ,ଭଲ,Positive
"ଭଲ ସ୍ୱାଦ, ସନ୍ଧ୍ଯ଼ା ଜଳଖିଆ ପାଇଁ ଉପଯୁକ୍ତ | (ମୋର ପସନ୍ଦଃ))",ସ୍ୱାଦ,ଭଲ,Positive
ସ୍ୱତନ୍ତ୍ର ଚୁଡ଼ା/ପୋହା/ଚପଟା ଚାଉଳ ମିଶ୍ରଣ,ସ୍ୱତନ୍ତ୍ର ଚୁଡ଼ା/ପୋହା/ଚପଟା ଚାଉଳ ମିଶ୍ରଣ,ଭଲ,Positive
ritikart.com ରୁ କିଣନ୍ତୁ,ritikart.com,ସାଧାରଣ,Neutral
ନମ୍କିନ୍ ଚୁଡା,ନମ୍କିନ୍ ଚୁଡା,ସାଧାରଣ,Neutral
ମୁଁ ଜଣେ ନିୟମିତ ଗ୍ରାହକ ହୋଇପାରିଛି।,ଗ୍ରାହକ,ଭଲ,Positive
"ମୁଁ ବିଶେଷ କରି କଟକ ମିଶ୍ରଣ, ସର୍ଶତିଆ, ଭୁବନେଶ୍ୱର ଖୋରା ଖାଇ ବିଷୟରେ ଉଲ୍ଲେଖ କରିବାକୁ ଚାହେଁ।",କଟକ ମିଶ୍ରଣ,ଭଲ,Positive
"ମୁଁ ବିଶେଷ କରି କଟକ ମିଶ୍ରଣ, ସର୍ଶତିଆ, ଭୁବନେଶ୍ୱର ଖୋରା ଖାଇ ବିଷୟରେ ଉଲ୍ଲେଖ କରିବାକୁ ଚାହେଁ।",ସର୍ଶତିଆ,ଭଲ,Positive
"ମୁଁ ବିଶେଷ କରି କଟକ ମିଶ୍ରଣ, ସର୍ଶତିଆ, ଭୁବନେଶ୍ୱର ଖୋରା ଖାଇ ବିଷୟରେ ଉଲ୍ଲେଖ କରିବାକୁ ଚାହେଁ।",ଭୁବନେଶ୍ୱର ଖୋରା ଖାଇ,ଭଲ,Positive
ଖିରାଇର ପ୍ରସ୍ତୁତିକରଣ ମଧ୍ୟମ ଭାବରେ ହୋଇଥିଲା।,ଖିରାଇ,ସାଧାରଣ,Neutral
ପିଠାପୁରିର ଗୁଜା ମନ ହୁଅନ୍ତୁ ଖାଇଲାପରେ ଭଲ ଲାଗୁନାହିଁ।,ପିଠାପୁରିର ଗୁଜା,ଖରାପ,Negative
ମହାପ୍ରସାଦର ଖେଚଡ଼ି ଆସଲେ ରସିକା ଲାଗେ।,ମହାପ୍ରସାଦର ଖେଚଡ଼ି,ଭଲ,Positive
"ଚେଷ୍ଟା କରନ୍ତୁ ଏବଂ ମୋତେ ବିଶ୍ୱାସ କରନ୍ତୁ, ଆପଣ ନିରାଶ ହେବେ ନାହିଁ।",Null,ଭଲ,Positive
କି ସ୍ୱାଦିଷ୍ଟ ଜିନିଷ।,ଜିନିଷ,ଭଲ,Positive
ଯେତେବେଳେ ପ୍ଯ଼ାକେଟ୍ ଖୋଲାଯାଇଥିଲା।,ପ୍ଯ଼ାକେଟ୍,ସାଧାରଣ,Neutral
ତୁରନ୍ତ ଏହାକୁ ଶେଷ କରାଯାଇଥିଲା।,Null,ସାଧାରଣ,Neutral
ଏହା କୁର୍କୁରା ଓ ଅଳ୍ପ ମିଠା ହୋଇଥାଏ।,Null,ସାଧାରଣ,Neutral
ଏହାର ସ୍ୱାଦ ପରବର୍ତ୍ତୀ ସ୍ତରର ସ୍ୱାଦିଷ୍ଟ।,ସ୍ୱାଦ,ଭଲ,Positive
ସେଇ ଛୁଆ ଦିନ ର ସ୍ଵାଦ,ସ୍ୱାଦ,ସାଧାରଣ,Neutral
"ସେଇ ଏକା ସ୍ୱାଦ, ମୋ ପିଲାଦିନର କଥା ମନେ ପକାଇ ଦେଲା।",ସ୍ୱାଦ,ସାଧାରଣ,Neutral
ମୁଷ୍ଟି ସମଯ଼ ପାଇଁ ମୁଁ ସେମାନଙ୍କଠାରୁ ତେନ୍ତୁଳି ଅର୍ଡର କଲି।,ତେନ୍ତୁଳି,ସାଧାରଣ,Neutral
ମୁଁ ସମସ୍ତଙ୍କୁ ରିତିକାର୍ଟଙ୍କ ସେବାକୁ ସୁପାରିଶ କରୁଛି!,ରିତିକାର୍ଟଙ୍କ ସେବା,ଭଲ,Positive
"ଆଶ୍ଚର୍ଯ୍ଯଜନକ ଭାବରେ, ସେମାନଙ୍କର ପ୍ୟାକେଜିଂ ଗୁଣବତ୍ତା ବହୁତ ଭଲ |",ପ୍ୟାକେଜିଂ,ଭଲ,Positive
ଖାଦ୍ଯ ସାମଗ୍ରୀର କୌଣସି କ୍ଷତି ନାହିଁ।,ଖାଦ୍ଯ ସାମଗ୍ରୀ,ଭଲ,Positive
ତେନ୍ତୁଳିରେ ଅତ୍ଯଧିକ ଲୁଣ ଥିଲା ଏବଂ ଏହା ଅତ୍ଯନ୍ତ ଅପ୍ରୀତିକର ଥିଲା।,ତେନ୍ତୁଳି,ଖରାପ,Negative
ବ୍ରହ୍ମପୁର ସ୍ୱତନ୍ତ୍ର ଆମ୍ବ ଚପଟା ଆଚାର/ଆମ୍ବ ଚମ୍ପେଟା ଆଚାର,ଆମ୍ବ ଚପଟା ଆଚାର,ଭଲ,Positive
ବ୍ରହ୍ମପୁର ସ୍ୱତନ୍ତ୍ର ଆମ୍ବ ଚପଟା ଆଚାର/ଆମ୍ବ ଚମ୍ପେଟା ଆଚାର,ଆମ୍ବ ଚମ୍ପେଟା ଆଚାର,ସାଧାରଣ,Neutral
ଉତ୍କୃଷ୍ଟ ବିତରଣ ଏବଂ ଖାଦ୍ଯର ଗୁଣବତ୍ତା।,ବିତରଣ,ଭଲ,Positive
ଉତ୍କୃଷ୍ଟ ବିତରଣ ଏବଂ ଖାଦ୍ଯର ଗୁଣବତ୍ତା।,ଖାଦ୍ଯ,ଭଲ,Positive
ଏହାକୁ ଭଲ ପାଉଥିଲେ |,Null,ଭଲ,Positive
ବିତରଣ ସେବାରେ ବହୁତ ଖୁସି।,ବିତରଣ ସେବା,ଭଲ,Positive
ବାସ୍ତବରେ ମୋ ପାଖରେ ଥିବା ସର୍ବୋତ୍ତମ ରସଗୋଲା ମଧ୍ଯରୁ ଗୋଟିଏ।,ରସଗୋଲା,ଭଲ,Positive
ଏହା ଦେଖି ଖୁସି ଲାଗୁଛି ଯେ ଏହା ରିତିକାର୍ଟରେ ଉପଲବ୍ଧ।,ରିତିକାର୍ଟ,ଭଲ,Positive
ଭଲ ଉତ୍ପାଦ କିନ୍ତୁ ରସଗୋଲା ବହୁତ କଠିନ।,ଉତ୍ପାଦ,ଭଲ,Positive
ଭଲ ଉତ୍ପାଦ କିନ୍ତୁ ରସଗୋଲା ବହୁତ କଠିନ।,ରସଗୋଲା,ଖରାପ,Negative
ବ୍ରହ୍ମପୁର ସ୍ୱତନ୍ତ୍ର ରସି ମସଲା ପାପଡ଼ (ପୋଦିନା ସ୍ୱାଦ) 150 ଗ୍ରାମ,ରସି ମସଲା ପାପଡ଼,ଭଲ,Positive
ବିଶ୍ୱାସ ହେଉନଥାଏ ଯେ ଏହାର ସ୍ୱାଦ ଠିକ୍ ଯେମିତି ହେବା ଉଚିତ।,Null,ଭଲ,Positive
ରିତିକାର୍ଟର ପ୍ରାମାଣିକ ଏବଂ ଓଠ ମାରିବାର ବ୍ରହ୍ମପୁର ତେନ୍ତୁଳି ଆଚାର ନିଶ୍ଚିତ ଭାବରେ ଚେଷ୍ଟା କରିବା ଆବଶ୍ଯକ |,ବ୍ରହ୍ମପୁର ତେନ୍ତୁଳି ଆଚାର,ଭଲ,Positive
ରିତିକାର୍ଟର ପ୍ରାମାଣିକ ଏବଂ ଓଠ ମାରିବାର ବ୍ରହ୍ମପୁର ତେନ୍ତୁଳି ଆଚାର ନିଶ୍ଚିତ ଭାବରେ ଚେଷ୍ଟା କରିବା ଆବଶ୍ଯକ |,ରିତିକାର୍ଟ,ସାଧାରଣ,Neutral
ବ୍ରହ୍ମପୁର ସ୍ୱତନ୍ତ୍ର ତେନ୍ତୁଳି ଆଚାର/ତେନ୍ତୁଳି ଆଚାର/ତେନ୍ତୁଳିର ଆଚାର,ତେନ୍ତୁଳି ଆଚାର,ଭଲ,Positive
ବ୍ରହ୍ମପୁର ସ୍ୱତନ୍ତ୍ର ତେନ୍ତୁଳି ଆଚାର/ତେନ୍ତୁଳି ଆଚାର/ତେନ୍ତୁଳିର ଆଚାର,ତେନ୍ତୁଳି ଆଚାର,ସାଧାରଣ,Neutral
ବ୍ରହ୍ମପୁର ସ୍ୱତନ୍ତ୍ର ତେନ୍ତୁଳି ଆଚାର/ତେନ୍ତୁଳି ଆଚାର/ତେନ୍ତୁଳିର ଆଚାର,ତେନ୍ତୁଳିର ଆଚାର,ସାଧାରଣ,Neutral
ସବୁକିଛି ଠିକ୍ ଠାକ୍ ଥିଲା,Null,ଭଲ,Positive
ପିଲାଦିନରୁ ମୁଁ ସବୁବେଳେ ମହାକାଲୀ ଛତୁଆ ପାଇ ଆସିଛି।,ମହାକାଳୀ ଛତୁଆ,ସାଧାରଣ,Neutral
"ଏଥିରେ ପ୍ରଚୁର ମାତ୍ରାରେ ପ୍ରୋଟିନ୍, ତନ୍ତୁ ଏବଂ ସ୍ୱାଦ ରହିଥାଏ।",Null,ଭଲ,Positive
ଖିରାଇ ମିଠାର ସ୍ୱାଦ ପୁରା କମ୍।,ଖିରାଇ ମିଠା,ଖରାପ,Negative
କାମ୍ଯ଼ା ଚିନି ମୁକ୍ତ ଛତୁଆ ବହୁତ ଭଲ ଗୁଣବତ୍ତା ଏବଂ ଦୁଇ ବର୍ଷ ଧରି ଆମେ ନିୟମିତ ଗ୍ରାହକ।,କାମ୍ଯ଼ା ଚିନି ମୁକ୍ତ ଛତୁଆ,ଭଲ,Positive
ଏବଂ ରିତିକାର୍ଟ ଅନ୍ଲାଇନ୍ ସେବା ମୋତେ ଠିକ୍ ସମୟରେ ଉତ୍ପାଦ ପ୍ରଦାନ କରିଛି ଏବଂ ସେବା ଅତ୍ଯ଼ନ୍ତ ଉତ୍କୃଷ୍ଟ |,ରିତିକାର୍ଟ ଅନ୍ଲାଇନ୍ ସେବା,ଭଲ,Positive
ଧନ୍ଯ଼ବାଦ ରିତିକାର୍ଟ।,ରିତିକାର୍ଟ,ଭଲ,Positive
ଶ୍ରୀଖଣ୍ଡର ସ୍ୱାଦ ସାଧାରଣ ଲାଗିଲା।,ଶ୍ରୀଖଣ୍ଡ,ସାଧାରଣ,Neutral
ଉଭୟ ଭଲ ଗୁଣବତ୍ତା ଏବଂ ସ୍ୱାଦ ଏବଂ ବିତରଣ ସମୟ ସୀମା ମଧ୍ଯ଼ରେ କରାଯାଇଥିଲା |,ଗୁଣବତ୍ତା,ଭଲ,Positive
ଉଭୟ ଭଲ ଗୁଣବତ୍ତା ଏବଂ ସ୍ୱାଦ ଏବଂ ବିତରଣ ସମୟ ସୀମା ମଧ୍ଯ଼ରେ କରାଯାଇଥିଲା |,ସ୍ୱାଦ,ଭଲ,Positive
ଉଭୟ ଭଲ ଗୁଣବତ୍ତା ଏବଂ ସ୍ୱାଦ ଏବଂ ବିତରଣ ସମୟ ସୀମା ମଧ୍ଯ଼ରେ କରାଯାଇଥିଲା |,ବିତରଣ,ଭଲ,Positive
ଖିରସାଗର ରସଗୋଲାର ତୁଳନାରେ ମନ୍ଦ ଥିଲା।,ଖିରସାଗର ରସଗୋଲା,ଖରାପ,Negative
ଓଡ଼ିଶା ପ୍ରସିଦ୍ଧ କାମ୍ଯ଼ା/ମହାକାଲୀ ଚିନି ମୁକ୍ତ ଛତୁଆ-1 କିଲୋ,କାମ୍ଯ଼ା/ମହାକାଲୀ ଚିନି ମୁକ୍ତ ଛତୁଆ,ଭଲ,Positive
ସାଲେପୁର ବିକଲ୍ପାନନ୍ଦ କରଙ୍କ ସ୍ୱତନ୍ତ୍ର ଚମ ଚମ,ବିକଲ୍ପାନନ୍ଦ କରଙ୍କ ସ୍ୱତନ୍ତ୍ର ଚମ ଚମ,ଭଲ,Positive
ଶ୍ରୀଖଣ୍ଡ ହୋଇଛି ଏତେ ଠିକ ନାହିଁ।,ଶ୍ରୀଖଣ୍ଡ,ଖରାପ,Negative
ଭଲ ଉତ୍ପାଦ।,ଉତ୍ପାଦ,ଭଲ,Positive
ବହୁତ୍ ଭଲ..,Null,ଭଲ,Positive
ମୋଟା ଭଲ |,ମୋଟା,ଭଲ,Positive
ଟମାଟର ସ୍ୱାଦ ଥିବା ପାମ୍ପଡ ମୋତେ ଭଲ ଲାଗିଲା।,ଟମାଟର ସ୍ୱାଦ ଥିବା ପାମ୍ପଡ,ଭଲ,Positive
ପୂର୍ବ ଭଳି ସାଧାରଣ ନୁହେଁ।,Null,ସାଧାରଣ,Neutral
ମୁଖସୁଦି ତିଆରି ହୋଇଛି ମାତ୍ର ସ୍ୱାଦ ଟାଏ ଅତ୍ୟଧିକ।,ମୁଖସୁଦି,ଭଲ,Positive
ଅଧିକ ମୋଟା ଏବଂ କଠିନ,ମୋଟା,ସାଧାରଣ,Neutral
ଅଧିକ ମୋଟା ଏବଂ କଠିନ,କଠିନ,ଖରାପ,Negative
ଚା ଜଳଖିଆ - ରନ୍ଧା କୁର୍କୁରା ନିମିକି,ଜଳଖିଆ,ସାଧାରଣ,Neutral
ଚା ଜଳଖିଆ - ରନ୍ଧା କୁର୍କୁରା ନିମିକି,ରନ୍ଧା କୁର୍କୁରା ନିମିକି,ଭଲ,Positive
ରସକାଡ଼ିର ମିଠା ପାଖାଳା ଲାଗିନାହିଁ।,ରସକାଡ଼ି,ଖରାପ,Negative
ବହୁତ ଭଲ ସେବା ଏବଂ ଲୋକମାନେ ଆଚରଣରେ ବହୁତ ଭଲ |,ସେବା,ଭଲ,Positive
ବହୁତ ଭଲ ସେବା ଏବଂ ଲୋକମାନେ ଆଚରଣରେ ବହୁତ ଭଲ |,ଆଚରଣ,ଭଲ,Positive
ଚିତାଉ ପିଠାର ମାଲାଇ କମ ଥିଲା।,ଚିତାଉ ପିଠାର ମାଲାଇ,ଖରାପ,Negative
ସାମଗ୍ରୀଗୁଡ଼ିକ ସମ୍ପୂର୍ଣ୍ଣ ଭାବରେ ପ୍ଯ଼ାକ୍ ହୋଇଛି ଏବଂ ଶୀଘ୍ର ବିତରଣ |,ସାମଗ୍ରୀ,ଭଲ,Positive
ସାମଗ୍ରୀଗୁଡ଼ିକ ସମ୍ପୂର୍ଣ୍ଣ ଭାବରେ ପ୍ଯ଼ାକ୍ ହୋଇଛି ଏବଂ ଶୀଘ୍ର ବିତରଣ |,ବିତରଣ,ଭଲ,Positive
ଦାଲିମା ଲଡ୍ଡୁ ତେଳ ରେ ସଉଘିଯାଇଥିଲା।,ଲଡ୍ଡୁ,ଖରାପ,Negative
ବ୍ରହ୍ମପୁର ସ୍ୱତନ୍ତ୍ର ରସୁଣ ଆଚାର/ଲେହସୁନ୍ ଆଚାର/ରସୁଣ ଆଚାର,ସ୍ୱତନ୍ତ୍ର ରସୁଣ ଆଚାର,ଭଲ,Positive
ବ୍ରହ୍ମପୁର ସ୍ୱତନ୍ତ୍ର ରସୁଣ ଆଚାର/ଲେହସୁନ୍ ଆଚାର/ରସୁଣ ଆଚାର,ଲେହସୁନ୍ ଆଚାର,ସାଧାରଣ,Neutral
ବ୍ରହ୍ମପୁର ସ୍ୱତନ୍ତ୍ର ରସୁଣ ଆଚାର/ଲେହସୁନ୍ ଆଚାର/ରସୁଣ ଆଚାର,ରସୁଣ ଆଚାର,ସାଧାରଣ,Neutral
ଉତ୍ପାଦ ବହୁତ ଭଲ।,ଉତ୍ପାଦ,ଭଲ,Positive
ପ୍ଯ଼ାକିଂ ମଧ୍ଯ ଭଲ।,ପ୍ଯ଼ାକିଂ,ଭଲ,Positive
ଏହି ଅଞ୍ଚଳ ପାଇଁ ଡି.ଟି.ଡି.ସି. ର କୁରିୟାର ଭଲ ନୁହେଁ।,ଡି.ଟି.ଡି.ସି. ର କୁରିୟାର,ଖରାପ,Negative
ପୂର୍ବରୁ ଏଭଳି କିଛି ନଥିଲା।,Null,ସାଧାରଣ,Neutral
ବହୁତ ଭଲ ସ୍ୱାଦ... ଏବଂ ପୁଦିନାର କାରଣରେ ଚଟପଟା ସ୍ୱାଦ,ପୁଦିନା,ଭଲ,Positive
"କିନ୍ତୁ, ସୁସ୍ୱାଦୁ ଖାଦ୍ଯ",ଖାଦ୍ଯ,ଭଲ,Positive
ଜିଲାପି ଦିନ ହେବାରୁ ଅନନ୍ତ ଦିନ ବିନା ସ୍ୱାଦରେ ଥିଲା।,ଜିଲାପି,ଖରାପ,Negative
"ପଣ୍ଡାଙ୍କ ବଢ଼ିଆ ସେବା ଥିଲା, ମୁଁ ଖୁସି ହେଲି।",ପଣ୍ଡାଙ୍କ ସେବା,ଭଲ,Positive
ସ୍ୱାଦ ମୂଲ୍ୟାୟନ 5/5,ସ୍ୱାଦ ମୂଲ୍ୟାୟନ,ଭଲ,Positive
ଟଙ୍କା ପାଇଁ ମୂଲ୍ଯ,ଟଙ୍କା ପାଇଁ ମୂଲ୍ଯ,ଭଲ,Positive
ଏହି ଜିନିଷଟି ଦେଖିବାକୁ ନରମ ଏବଂ ସତେଜ ଥିଲା।,ଜିନିଷ,ଭଲ,Positive
ପଢିଆ ପିଠାର ଉପର ମସଲା ସେତେ ଗୋଟେ ଭଲ ଥିଲା ନାହିଁ।,ପଢିଆ ପିଠା,ଖରାପ,Negative
ଦହିବରା ଚାଟ୍ ଅସାଧାରଣ ଲାଗୁଛି।,ଦହିବରା ଚାଟ୍,ଭଲ,Positive
ମୁଁ ଏହି ସ୍ଥାନରୁ ଏକ ନୂଆ ଅର୍ଡର ଦେବାକୁ ଯୋଜନା କରୁଛି।,ସ୍ଥାନ,ଭଲ,Positive
ମୋର ପରବର୍ତ୍ତୀ ଅର୍ଡର ଏହି ସ୍ଥାନରୁ ଆସିବ।,ସ୍ଥାନ,ଭଲ,Positive
ତା'ପରେ ମୋତେ ଏହି ସ୍ଥାନରୁ ଆଉ ଏକ ଅର୍ଡର ଦେବାକୁ ପଡ଼ିବ।,ସ୍ଥାନ,ଭଲ,Positive
ଏଇଠି ମୁଁ ମୋର ପରବର୍ତ୍ତୀ ଅର୍ଡର କରିବି।,Null,ସାଧାରଣ,Neutral
ମୁଁ ପାଟିରେ ପାଣି ଭର୍ତ୍ତି ଖାଦ୍ଯ଼ ଖାଇଲି।,ଖାଦ୍ଯ଼,ସାଧାରଣ,Neutral
ରନ୍ଧନ ପ୍ରଣାଳୀ ଅତ୍ଯ଼ନ୍ତ ସୁସ୍ୱାଦୁ ଥିଲା |,ରନ୍ଧନ ପ୍ରଣାଳୀ,ଭଲ,Positive
ଡେଲିଭରି ପହଞ୍ଚିବାକୁ ସମଯ଼ ଲାଗିଲା।,ଡେଲିଭରି,ଖରାପ,Negative
ଏହା ଏକ ଭଲ ଫଳାଫଳ ଥିଲା।,ଫଳାଫଳ,ଭଲ,Positive
ଶେଷରେ ସବୁକିଛି ଠିକ୍ ହୋଇଗଲା।,ସବୁକିଛି,ଭଲ,Positive
ଏହାର ଏକ ମନୋରମ ସୁଗନ୍ଧ ରହିଛି।,ସୁଗନ୍ଧ,ଭଲ,Positive
ବନ୍ଧୁମାନଙ୍କ ଜରିଆରେ ଏହି ଉତ୍ପାଦଗୁଡ଼ିକ ମୋ ସହ ପରିଚିତ ହୋଇଥିଲା।,ଉତ୍ପାଦ,ସାଧାରଣ,Neutral
ଏହି ପଦାର୍ଥଟି ଟିକେ ଆଡ୍ହେସିଭ୍ ହୋଇଥାଏ।,ପଦାର୍ଥଟି,ଖରାପ,Negative
ଏଥିରେ କିଛି ଅସଙ୍ଗତି ରହିଛି।,ଅସଙ୍ଗତି,ଖରାପ,Negative
ଗୋଟିଏ ତନ୍ଡୁଆ ମିଠା ସେ ଯେମିତି ଖାଇଲେ ବଢିଆ ଲାଗେ।,ତନ୍ଡୁଆ ମିଠା,ଭଲ,Positive
ଏହା ଗଠନରେ ଟିକେ ଟେକି ଥିବା ପରି ଦେଖାଯାଏ |,ଗଠନ,ଖରାପ,Negative
ଉତ୍ପାଦଟି ଚତୁର ଏବଂ ନିପୁଣତାର ସହ କାର୍ଯ୍ଯ଼କାରୀ ହୋଇଥିଲା |,ଉତ୍ପାଦ,ଭଲ,Positive
ଖାଦ୍ଯ଼ଟି ସ୍ୱାଦିଷ୍ଟ ଏବଂ ସ୍ୱାଦିଷ୍ଟ ଥିଲା।,ଖାଦ୍ଯ,ଭଲ,Positive
ମଞ୍ଜୁଲି ଲଡ୍ଡୁର ଦୃଶ୍ୟ ବିନା ଭଲ ନ ଥିଲା।,ମଞ୍ଜୁଲି ଲଡ୍ଡୁ,ଖରାପ,Negative
ପ୍ଯ଼ାକେଜିଂ ଜିନିଷଗୁଡ଼ିକୁ ସୁରକ୍ଷିତ ରଖିବାରେ ପ୍ରଭାବଶାଳୀ |,ପ୍ୟାକେଜିଂ,ଭଲ,Positive
ଜିନିଷଗୁଡ଼ିକୁ ସୁରକ୍ଷିତ ରଖିବା ପାଇଁ ପ୍ଯ଼ାକେଜିଂ ଫଳପ୍ରଦ ହୋଇଥାଏ।,ପ୍ୟାକେଜିଂ,ଭଲ,Positive
ଖାଇଲା ପରେ ଖୋଜାର ମଠା ଭଲ ଲାଗୁନାହିଁ।,ଖୋଜାର ମଠା,ଖରାପ,Negative
"ଯଦି ପ୍ଯ଼ାକେଜିଂ ଭଲ ହୁଏ, ତେବେ ଏହା ଖଣ୍ଡ ଗୁଡ଼ିକର କ୍ଷତିକୁ ରୋକିବ।",ପ୍ୟାକେଜିଂ,ଭଲ,Positive
ମନାରିର ସାଞ୍ଜା ପିଠା ସାଧାରଣ ମାଞ୍ଜରି ଥିଲା।,ମନାରିର ସାଞ୍ଜା ପିଠା,ସାଧାରଣ,Neutral
ପ୍ଯ଼ାକେଜିଂ ଉପରେ ଏକ ଭଲ ସିଲ କୌଣସି କ୍ଷତିକୁ ରୋକିଥାଏ |,ପ୍ୟାକେଜିଂ,ଭଲ,Positive
ଏହା ଏକ ସ୍ପଷ୍ଟ ପ୍ଯ଼ାକେଜରେ ଆସିଥିଲା ଏବଂ ଭଲ ଭାବରେ ପରିଚାଳିତ ହୋଇଥିଲା |,ପ୍ୟାକେଜ,ଭଲ,Positive
ମୋହନ ଭୋଗର ସ୍ଵାଦ ଏକଦମ ସଠିକ ହେବାର ସୁରୁ ନ ଥିଲା।,ମୋହନ ଭୋଗର ସ୍ଵାଦ,ଖରାପ,Negative
ମହାପ୍ରସାଦର ପଖାଳ ଏଠାରେ ବହୁତ ସଫା ଥିଲା।,ମହାପ୍ରସାଦର ପଖାଳ,ଭଲ,Positive
ଏହା ଯଥେଷ୍ଟ ଭଲ ନୁହେଁ।,Null,ଖରାପ,Negative
ନାବାତି ଭିନ୍ନ ସ୍ୱାଦ ଥିଲା।,ନାବାତି,ଭଲ,Positive
ଜିଲେବିର ସିରା ଏଠାରେ କମ ଥିଲା।,ଜିଲେବିର ସିରା,ଖରାପ,Negative
ଚନ୍ଦ୍ରକାନ୍ତୀ ମିଠାର ସ୍ଵାଦ ହୃଦୟକର ଥିଲା।,ଚନ୍ଦ୍ରକାନ୍ତୀ ମିଠାର ସ୍ଵାଦ,ଭଲ,Positive
ଦାଲମାର ସ୍ଵାଦ ଏକଦମ ମନପସନ୍ଦ ଥିଲା।,ଦାଲମାର ସ୍ଵାଦ,ଭଲ,Positive
ଏହାର ମାନକ ନିମ୍ନମାନର।,ମାନକ,ଖରାପ,Negative
ଆମ୍ବ ଖଟା ବହୁତ ଭଲ ଥିଲା।,ଆମ୍ବ ଖଟା,ଭଲ,Positive
"ଦୁର୍ଭାଗ୍ଯ଼ବଶତଃ, ଏହି ତେଲରେ ଦୁର୍ଗନ୍ଧ ଥାଏ, ଏହାର ନିଷ୍କାସନ ଆବଶ୍ଯ଼କ ହୋଇଥାଏ, ଏବଂ ଅର୍ଥକୁ ଅଣଦେଖା କରାଯାଇଥାଏ।",ତେଲ,ଖରାପ,Negative
"ଦୁର୍ଭାଗ୍ଯ଼ବଶତଃ, ଏହି ତେଲରେ ଦୁର୍ଗନ୍ଧ ଥାଏ, ଏହାର ନିଷ୍କାସନ ଆବଶ୍ଯ଼କ ହୋଇଥାଏ, ଏବଂ ଅର୍ଥକୁ ଅଣଦେଖା କରାଯାଇଥାଏ।",ନିଷ୍କାସନ,ଖରାପ,Negative
"ଦୁର୍ଭାଗ୍ଯ଼ବଶତଃ, ଏହି ତେଲରେ ଦୁର୍ଗନ୍ଧ ଥାଏ, ଏହାର ନିଷ୍କାସନ ଆବଶ୍ଯ଼କ ହୋଇଥାଏ, ଏବଂ ଅର୍ଥକୁ ଅଣଦେଖା କରାଯାଇଥାଏ।",ଅର୍ଥ,ଖରାପ,Negative
ମିଠା ଏବଂ ଟକ ଆଚାର କିମ୍ବା ଏପରିକି ଏକ ହାଲୁକା ଆଚାରର ମିଶ୍ରଣ ବିଭିନ୍ନ ସ୍ୱାଦ ଆଣିପାରେ |,ଆଚାର,ଭଲ,Positive
ଏହାର ମାନ ବହୁତ ଉଚ୍ଚ ଥିଲା।,ମାନ,ଭଲ,Positive
ରିଟ୍ଜ୍-କାର୍ଲଟନ୍ ଦଳ ଭଲ ପ୍ରଦର୍ଶନ କରିଥିଲା।,ରିଟ୍ଜ୍-କାର୍ଲଟନ୍ ଦଳ,ଭଲ,Positive
"ଭଲ କାମ, ରୀତାଙ୍କ ଦଳ।",ରୀତାଙ୍କ ଦଳ,ଭଲ,Positive
ବଳକା ତୈଳ ମଧ୍ଯ଼ ରହିଛି।,ତୈଳ,ଖରାପ,Negative
"ଏହା ବ୍ଯ଼ତୀତ, ଅତିରିକ୍ତ ତୈଳ ମଧ୍ଯ଼ ରହିଛି।",ତୈଳ,ଖରାପ,Negative
ଏହା ମୁଁ ଏପର୍ଯ୍ଯ଼ନ୍ତ ହାସଲ କରିଥିବା ସବୁଠାରୁ ଅସ୍ଥିର ଜିନିଷ |,ଅସ୍ଥିର ଜିନିଷ,ଖରାପ,Negative
ମୁଁ ଏହାଠାରୁ ଖରାପ ଜିନିଷ କେବେ କିଣିନାହିଁ।,ଜିନିଷ,ସାଧାରଣ,Neutral
ଯଦିଓ ଏହାର ସ୍ୱାଦ ଭଲ।,ସ୍ୱାଦ,ଭଲ,Positive
ଆପଣ ଏହି କଦଳୀ ଖାଇବା ସମଯ଼ରେ ଏଥିରେ କୌଣସି ଅତିରିକ୍ତ ଉପାଦାନ ଯୋଡ଼ିବାର ଆବଶ୍ଯ଼କତା ନାହିଁ।,କଦଳୀ,ଭଲ,Positive
ଏହି କଦଳୀ ଖାଇବା ସମଯ଼ରେ କୌଣସି ଅତିରିକ୍ତ ଜିନିଷର ଆବଶ୍ଯ଼କତା ନାହିଁ।,କଦଳୀ,ଭଲ,Positive
ଏହି କଦଳୀ ହେଉଛି ଏକମାତ୍ର ଖାଦ୍ଯ଼ ଯାହାକୁ ଆପଣ ନିଜ ଖାଦ୍ଯ଼ରେ ସାମିଲ କରିବା ଆବଶ୍ଯ଼କ।,କଦଳୀ,ଭଲ,Positive
ଖାଦ୍ୟ ତେଲିଆ ଥିଲା |,ଖାଦ୍ୟ,ଖରାପ,Negative
ଏହି କଦଳୀ ଆପଣଙ୍କ ଖାଦ୍ଯ଼ରେ ଅନ୍ତର୍ଭୁକ୍ତ ହୋଇଛି କି ନାହିଁ ତାହା ଗୁରୁତ୍ୱପୂର୍ଣ୍ଣ ନୁହେଁ।,କଦଳୀ,ଭଲ,Positive
"ଯଦି ଆପଣ ଏହି କଦଳୀ ଖାଆନ୍ତି, ତେବେ ଆପଣ ଏହାକୁ ବିନା କୌଣସି ବିକଳ୍ପରେ ଖାଇପାରିବେ।",କଦଳୀ,ଭଲ,Positive
କଦଳୀର ସ୍ଥିରତା ବେଶ୍ ସନ୍ତୋଷଜନକ ଥିଲା।,କଦଳୀ,ଭଲ,Positive
ଏହି ସମସ୍ତ ଜିନିଷକୁ ତିଲ ମଞ୍ଜିରେ ବୁଡ଼ାଇ ଦିଆଯାଏ।,ତିଲ ମଞ୍ଜି,ସାଧାରଣ,Neutral
ପ୍ରତ୍ଯ଼େକ ଜିନିଷ ଉପରେ ତିଲର ଏକ ସ୍ତର ଛିଞ୍ଚାଯାଏ |,ତିଲ ମଞ୍ଜି,ସାଧାରଣ,Neutral
ମୁଁ ଏକ ମାସ ପୂର୍ବରୁ ମୋର ଅର୍ଡର ପାଇଲି ଏବଂ ଏହା ଏବେ ବି ତାଜା ଗନ୍ଧ ଦେଉଛି।,ଅର୍ଡର,ଭଲ,Positive
ନାବାରାନା ବାଡି ହେଉଛି ସମ୍ପୂର୍ଣ୍ଣ ବିଫଳତା ଏହା ଏକ ଚାଉଳ ବୋରୀ ନୁହେଁ ଉରାଡ ଡାଲ ବୋରି ସ୍ୱାଦ ଏତେ ଖରାପ |,ନାବାରାନା ବାଡି,ଖରାପ,Negative
ଉତ୍ପାଦଟି ଭଲ ଯାହା ପାଇଁ ମୁଁ ଏହାକୁ ଦୁଇଥର ଅର୍ଡର କରିଥିଲି କିନ୍ତୁ ପ୍ୟାକେଜ୍ ପୂର୍ବ ପରି ଦୁ hetic ଖଦାୟକ ଥିଲା |,ଉତ୍ପାଦ,ଭଲ,Positive
ଉତ୍ପାଦଟି ଭଲ ଯାହା ପାଇଁ ମୁଁ ଏହାକୁ ଦୁଇଥର ଅର୍ଡର କରିଥିଲି କିନ୍ତୁ ପ୍ୟାକେଜ୍ ପୂର୍ବ ପରି ଦୁ hetic ଖଦାୟକ ଥିଲା |,ପ୍ୟାକେଜ୍,ଖରାପ,Negative
ମୋର ବଡ ହେବା ପରଠାରୁ ଏହା ମୁଁ ଦେଖିଥିବା କଠିନ ବିରି ବାଡି |,ବିରି ବାଡି,ଖରାପ,Negative
ସ୍ୱାଦ ଏବଂ ସୁଗନ୍ଧ ଉଲ୍ଲେଖନୀୟ |,ସ୍ୱାଦ  ,ଭଲ,Positive
ସ୍ୱାଦ ଏବଂ ସୁଗନ୍ଧ ଉଲ୍ଲେଖନୀୟ |,ସୁଗନ୍ଧ,ଭଲ,Positive
ଖାଦ୍ୟରେ ପ୍ରଭାବିତ ନୁହେଁ |,ଖାଦ୍ଯ଼,ଖରାପ,Negative
ମୁଁ ଆପଣଙ୍କ କାର୍ଯ୍ଯ଼ରେ ସନ୍ତୁଷ୍ଟ!,କାର୍ଯ୍ଯ଼,ଭଲ,Positive
"ନିଜର ଅର୍ଥ ନଷ୍ଟ କରନ୍ତୁ ନାହିଁ, ଭଲ କାମ ଜାରି ରଖନ୍ତୁ।",ଅର୍ଥ,ସାଧାରଣ,Neutral
"ନିଜର ଅର୍ଥ ନଷ୍ଟ କରନ୍ତୁ ନାହିଁ, ଭଲ କାମ ଜାରି ରଖନ୍ତୁ।",କାମ,ସାଧାରଣ,Neutral
ଆପଣ ଏହାକୁ ଏକ ପ୍ରଯ଼ାସ ଦେବା ଉଚିତଃ ଆପଣ ଏହା ମଧ୍ଯ଼ ଜାଣି ନଥିଲେ ଯେ ଏହା ବିଦ୍ଯ଼ମାନ ଅଛି।,ପ୍ରଯ଼ାସ,ଭଲ,Positive
ଆପଣ ଏହାକୁ ଏକ ପ୍ରଯ଼ାସ ଦେବା ଉଚିତଃ ଆପଣ ଏହା ମଧ୍ଯ଼ ଜାଣି ନଥିଲେ ଯେ ଏହା ବିଦ୍ଯ଼ମାନ ଅଛି।,ବିଦ୍ଯ଼ମାନ,ସାଧାରଣ,Neutral
ଓଡ଼ିଶାରୁ ଅର୍ଡରଗୁଡିକ ନିର୍ଦ୍ଧାରିତ ସମଯ଼ରେ ଏବଂ ପ୍ରାଚୀନ ପ୍ଯ଼ାକେଜିଂରେ ବିତରଣ କରାଯାଏ |,ଅର୍ଡରଗୁଡିକ,ଭଲ,Positive
ଓଡ଼ିଶାରୁ ଅର୍ଡର କରାଯାଇଥିବା ଖାଦ୍ଯ଼ ସାମଗ୍ରୀ ସଠିକ୍ ପ୍ଯ଼ାକେଜିଂ ସହିତ ପ୍ରାଚୀନ ଅବସ୍ଥାରେ ବିତରଣ କରାଯାଏ |,ପ୍ରାଚୀନ ପ୍ଯ଼ାକେଜିଂ,ଖରାପ,Negative
ଏହି ଚମତ୍କାର ଭାବରେ ଉପସ୍ଥାପିତ ଉତ୍ପାଦ ସ୍ୱଭାବରେ ସୁସ୍ୱାଦୁ ଏବଂ କୁରୁଚିକର |,ଉପସ୍ଥାପିତ ଉତ୍ପାଦ,ଭଲ,Positive
ଏହି ଚମତ୍କାର ଭାବରେ ଉପସ୍ଥାପିତ ଉତ୍ପାଦ ସ୍ୱଭାବରେ ସୁସ୍ୱାଦୁ ଏବଂ କୁରୁଚିକର |,ସ୍ୱଭାବ,ଭଲ,Positive
ମୁଁ କିଛି ଅଧିକ ମିଠା ଚାହୁଁଥିଲି।,ମିଠା,ସାଧାରଣ,Neutral
ଚାକିରିରେ ଅସାଧାରଣ ପ୍ରଦର୍ଶନ।,ଚାକିରି,ଭଲ,Positive
ତାଜା ପବନ ଏବେ ବି ପୁନର୍ଜୀବିତ ହେଉଛିଃ ମୋର ଅର୍ଡର ଏକ ମାସ ପୂର୍ବରୁ ଆସିଥିଲା ଏବଂ ତଥାପି ଅତି ତାଜା ଥିଲା।,ତାଜା ପବନ,ଭଲ,Positive
ତାଜା ପବନ ଏବେ ବି ପୁନର୍ଜୀବିତ ହେଉଛିଃ ମୋର ଅର୍ଡର ଏକ ମାସ ପୂର୍ବରୁ ଆସିଥିଲା ଏବଂ ତଥାପି ଅତି ତାଜା ଥିଲା।,ଅର୍ଡର,ଭଲ,Positive
ସେବାଟି ଖରାପ ହୋଇଥିଲେ ମଧ୍ୟ ମୂଲ୍ୟ ଯୁକ୍ତିଯୁକ୍ତ |,ସେବା,ଖରାପ,Negative
ସେବାଟି ଖରାପ ହୋଇଥିଲେ ମଧ୍ୟ ମୂଲ୍ୟ ଯୁକ୍ତିଯୁକ୍ତ |,ମୂଲ୍ୟ,ଭଲ,Positive
ଗଜପ୍ରସାଦ ଲଡ୍ଡୁ ଖାଇବାରେ ବହୁତ ସ୍ୱାଦିଷ୍ଟ ଥିଲା।,ଗଜପ୍ରସାଦ ଲଡ୍ଡୁ,ଭଲ,Positive
"ପଖାଳ ତାତ୍କାଳିକ ହୋଇପାରିନାହିଁ, ରସ୍ତା ନଫେରିବାର ପରେ ଖାଇବାକୁ ଭଲ ଲାଗୁନାହିଁ।",ପଖାଳ,ଖରାପ,Negative
"ଏକ ମାସରୁ ଅଧିକ ବିଳମ୍ବ ହେବା ସତ୍ତ୍ୱେ, ମୋର ଅର୍ଡର ସତେଜତା ସହିତ ପହଞ୍ଚିଲା |",ଅର୍ଡର,ଭଲ,Positive
ଛେନାପୋଡର ଖସି ମଧ୍ୟମ ରହିଥିଲା।,ଛେନାପୋଡ,ସାଧାରଣ,Neutral
ଚକୁଲି ପିଠା ବଢିଆ ସ୍ୱାଦ ଥିଲା ଏବଂ ବହୁତ ହଳକା।,ଚକୁଲି ପିଠା,ଭଲ,Positive
ରସଗୋଲାର ଚାଶନିଟି ଅତ୍ୟଧିକ ମିଠା ଥିଲା।,ରସଗୋଲା,ଖରାପ,Negative
ଦାଲିମା ତରକାରୀର ତେଲର ପରିମାଣ ଠିକ ଥିଲା।,ଦାଲିମା ତରକାରୀ,ସାଧାରଣ,Neutral
ଅରିସା ପିଠାର ସବୁଜ ପାତି ଖାଇବାକୁ ଭଲ ଲାଗିଲା।,ଅରିସା ପିଠାର ସବୁଜ ପାତି,ଭଲ,Positive
ମୋଟାଲି ଛେନାର ସ୍ୱାଦ ଆସୁନାହିଁ।,ଛେନା,ଖରାପ,Negative
ବରିପଦା ଖାଦ୍ୟରେ ସ୍ୱାଦରେ କିଛି ବିଭାବ ନ ଦିଆଯାଇଥିଲା।,ବରିପଦା ଖାଦ୍ୟରେ ସ୍ୱାଦ,ସାଧାରଣ,Neutral
"ଛେନାପୋଡ଼ା ମନ୍ଦିରରେ ଯଥେଷ୍ଟ ଖାଇଲା, ଖାସ ଲାଗିଲା।",ଛେନାପୋଡ଼ା,ଭଲ,Positive
ମହାପ୍ରସାଦର ଦଲମା ବହୁତ ସ୍ୱାଦିଷ୍ଟ ଥିଲା।,ମହାପ୍ରସାଦର ଦଲମା,ଭଲ,Positive
ଛେନାମୁଡ଼ିକୁ ମୁଁ ଖାଇଲି ଓ ଏହା ଏତେ ସୁସ୍ୱାଦ ଥିଲା।,ଛେନାମୁଡ଼ି,ଭଲ,Positive
ରାସଗୋଲାର ଖେଜୁରୀ ତିକ୍ତ ଥିଲା।,ରାସଗୋଲାର ଖେଜୁରୀ,ଖରାପ,Negative
ଜିନିଷଟି ଏତେ ଆନନ୍ଦଦାଯ଼କ ଥିଲା ଯେ ସେ ପ୍ରତିରୋଧ କରିପାରିଲେ ନାହିଁ।,ଜିନିଷ,ଭଲ,Positive
ସଫଳତାର ସହ କାର୍ଯ୍ଯ଼କାରୀ ହୋଇଛି।,କାର୍ଯ୍ଯ଼କାରୀ,ଭଲ,Positive
ବନ୍ଧୁମାନଙ୍କ ଜରିଆରେ ଏହି ଉତ୍ପାଦଗୁଡ଼ିକ ମୋ ସହ ପରିଚିତ ହୋଇଥିଲା।,ଉତ୍ପାଦ,ସାଧାରଣ,Neutral
ଆମେ ଅନଲାଇନ୍ ଅର୍ଡରକୁ ହାଲୁକା ଭାବରେ ନେବାକୁ ଅନୁମତି ଦେଉ ନାହୁଁ।,ଅନଲାଇନ୍ ଅର୍ଡର,ଖରାପ,Negative
ମୁଁ ମୁମ୍ବାଇରୁ ଆସିଛି ଏବଂ ଯାତାଯ଼ାତ ସମଯ଼ରେ ଭୁବନେଶ୍ୱରର ଅପ୍ରତିରୋଧ୍ଯ ଖାଦ୍ଯ଼ର ସ୍ୱାଦ ନେଇଥିଲି।,ଯାତାଯାତ ସମୟ,ସାଧାରଣ,Neutral
ମୁଁ ମୁମ୍ବାଇରୁ ଆସିଛି ଏବଂ ଯାତାଯ଼ାତ ସମଯ଼ରେ ଭୁବନେଶ୍ୱରର ଅପ୍ରତିରୋଧ୍ଯ ଖାଦ୍ଯ଼ର ସ୍ୱାଦ ନେଇଥିଲି।,ଅପ୍ରତିରୋଧ୍ଯ ଖାଦ୍ଯ଼ର ସ୍ୱାଦ,ଭଲ,Positive
ମୁଁ ଘରୋଇ ବାତାବରଣକୁ ପ୍ରଶଂସା କରୁଛି।,ଘରୋଇ ବାତାବରଣ,ଭଲ,Positive
ଭବିଷ୍ଯ଼ତରେ ମୁଁ ଆପଣଙ୍କ ପାଇଁ ଅର୍ଡର ଦେଉଛି ବୋଲି ଆପଣ ବିଶ୍ୱାସ କରିପାରିବେ।,ଭବିଷ୍ୟତରେ ଅର୍ଡର,ଭଲ,Positive
ଜହାରିପାଡ଼ାର ପିଠାକୁ ଆଉ ଖାଇବାରେ ବହୁତ ଭଲ ନାହିଁ ଲାଗିଲା।,ଜହାରିପାଡ଼ାର ପିଠା,ସାଧାରଣ,Neutral
ଏମିତି ଲାଗୁଛି ଯେ ଏଥିରେ କିଛି ଗଣ୍ଡଗୋଳ ରହିଛି।,ଗଣ୍ଡଗୋଳ,ଖରାପ,Negative
ଏହାର ସ୍ୱାଦ ସେତେଟା ଆକର୍ଷଣୀଯ଼ ନୁହେଁ।,ସ୍ୱାଦ,ଖରାପ,Negative
ମୁଁ ଏ ପର୍ଯ୍ଯ଼ନ୍ତ ସମ୍ପୂର୍ଣ୍ଣ ଅଜ୍ଞ ଥିଲି ଯେ ଏହି ୱେବସାଇଟରେ କିଛି ଅଛି।,ୱେବସାଇଟ,ସାଧାରଣ,Neutral
ଜିନିଷର ବିତରଣ ତାରିଖ ପୂର୍ବରୁ ନିର୍ଦ୍ଧାରଣ କରିବା ଅସମ୍ଭବ |,ବିତରଣ ତାରିଖ,ଖରାପ,Negative
"ମୋ ମତରେ, ଅନ୍ଯ଼ ବ୍ଯ଼କ୍ତିମାନେ ମଧ୍ଯ଼ କିଣାକିଣି କରିବା ଉଚିତ।",କିଣାକିଣି,ସାଧାରଣ,Neutral
ଏହା ଏକ ଅତି ତାଜା ଏବଂ ଚଟପଟା ଖାଦ୍ଯ଼।,ଖାଦ୍ଯ଼,ଭଲ,Positive
ଏତେ ସୁସ୍ୱାଦୁ ସକାଳ ଜଳଖିଆ ମୁଁ କେବେ ଖାଇନାହିଁ।,ସକାଳ ଜଳଖିଆ,ଭଲ,Positive
କିନ୍ତୁ ମୁଁ କିଛି ଅଗ୍ନିମଯ଼ ଜିନିଷ ଚାହୁଁଥିଲି।,ଅଗ୍ନିମଯ଼ ଜିନିଷ,ସାଧାରଣ,Neutral
ଓଡ଼ିଆ ପଖାଳର ହାଣ୍ଡି ବହୁତ ମଜା ହେବ ଖାଇବାକୁ।,ଓଡ଼ିଆ ପଖାଳର ହାଣ୍ଡି,ଭଲ,Positive
"ତଥାପି, ମୁଁ କିଛି ଅଧିକ ମସଲାଯୁକ୍ତ ଜିନିଷ ଚାହୁଁଥିଲି।",ମସଲାଯୁକ୍ତ ଜିନିଷ,ସାଧାରଣ,Neutral
ସେମାନଙ୍କର ପ୍ଯ଼ାକିଂ ତ୍ରୁଟିପୂର୍ଣ୍ଣ ହୋଇଯାଇଥିଲା।,ପ୍ଯ଼ାକିଂ,ଖରାପ,Negative
ଏହା ଏକ ଚମତ୍କାର ଉଦ୍ଭାବନ ଥିଲା।,ଉଦ୍ଭାବନ,ଭଲ,Positive
ଆମକୁ ଏହି ମିଶ୍ରଣର ନମୁନା ନେବାକୁ ପଡ଼ିବ।,ମିଶ୍ରଣର ନମୁନା,ସାଧାରଣ,Neutral
ଦକ୍ଷତାର ସହ ବିତରଣ କରାଯାଇଛି।,ବିତରଣ,ଭଲ,Positive
କୌଣସି ଅପ୍ରୀତିକର ଘଟଣା ଘଟି ନଥିଲା।,ଅପ୍ରୀତିକର ଘଟଣା,ଭଲ,Positive
ମୂଳ ସ୍ୱାଦ ତୁଳନାରେ ଅଧିକ ଗୋଲମରିଚ ସହିତ କୌଣସି ଭିନ୍ନତା ଅଛି କି ନାହିଁ ତାହା ଆପଣ ନିଶ୍ଚିତ କରିପାରିବେ କି?,ମୂଳ ସ୍ୱାଦ,ସାଧାରଣ,Neutral
ମୂଳ ସ୍ୱାଦ ତୁଳନାରେ ଅଧିକ ଗୋଲମରିଚ ସହିତ କୌଣସି ଭିନ୍ନତା ଅଛି କି ନାହିଁ ତାହା ଆପଣ ନିଶ୍ଚିତ କରିପାରିବେ କି?,ଭିନ୍ନତା,ସାଧାରଣ,Neutral
ବ୍ଯ଼କ୍ତିବିଶେଷଙ୍କ ଏହି ଗୋଷ୍ଠୀ ଉଲ୍ଲେଖନୀଯ଼ ଥିଲା।,ଗୋଷ୍ଠୀ,ଭଲ,Positive
ଏହା ଏକ ନ୍ଯ଼ାଯ଼ସଙ୍ଗତ ଖର୍ଚ୍ଚ।,ଖର୍ଚ୍ଚ,ଭଲ,Positive
ନୟାଗଡ଼ ଚେନା ବହୁତ ସୁଖିଲା ଥିଲା।,ନୟାଗଡ଼ ଚେନା,ଖରାପ,Negative
ଜାଜପୁରର ଚକୁଲି ପିଠା ସ୍ୱାଦିଷ୍ଟ ତଥା ସୁନ୍ଦର ଭାବେ ପ୍ରସ୍ତୁତ।,ଚକୁଲି ପିଠା,ଭଲ,Positive
ନୟାପଲ୍ଲୀ ଆମ୍ବ ଆଚାରର ଖଟା ସବୁଠୁ ବେଶୀ ମନୁହର।,ନୟାପଲ୍ଲୀ ଆମ୍ବ ଆଚାରର ଖଟା,ଭଲ,Positive
କଟକର ଚୁଦା ଭଜା ମୁଝିବାର ପାଇଁ ଭଲ ନାହିଁ।,କଟକର ଚୁଦା ଭଜା,ଖରାପ,Negative
"ଖେସା ଚକୁରିର ସ୍ୱାଦ ସାମାନ୍ୟ ଥିଲା, ବେଶି ଆକର୍ଷକ ନ ଲାଗିଲା।",ଖେସା ଚକୁରି,ସାଧାରଣ,Neutral
ଦାଲମାରେ ଜିରା ଆଉ ସବୁଜ ଲଙ୍କା ଭଲଭାବେ ଭଜା ହେଇନଥିଲା।,ଦାଲମାରେ ଜିରା,ଖରାପ,Negative
ଦାଲମାରେ ଜିରା ଆଉ ସବୁଜ ଲଙ୍କା ଭଲଭାବେ ଭଜା ହେଇନଥିଲା।,ସବୁଜ ଲଙ୍କା,ଖରାପ,Negative
ଆଖୁଦାର ନବୀନ ଶାକ୍ତି ଭୋଗ ସବୁଠାରୁ ଭଲ ଖାଦ୍ୟ।,ଶାକ୍ତି ଭୋଗ,ଭଲ,Positive
ଜାଜପୁରର ଖେସା ଚକୁରି ଏବଂ ତାଳ ବହୁତ ଖରାପ ଭାବେ ପ୍ରସ୍ତୁତ।,ଜାଜପୁରର ଖେସା ଚକୁରି,ଖରାପ,Negative
ଜାଜପୁରର ଖେସା ଚକୁରି ଏବଂ ତାଳ ବହୁତ ଖରାପ ଭାବେ ପ୍ରସ୍ତୁତ।,ତାଳ,ଖରାପ,Negative
ଗଞ୍ଜାମର ମାଠାପେଡ଼ା ଏକ ସାରାବିରୋଧୀ ଖାଦ୍ୟ।,ଗଞ୍ଜାମର ମାଠାପେଡ଼ା,ଭଲ,Positive
ବରମୁଣ୍ଡା ଛେନାର ଖାଦ୍ୟ ସଜାଇବା ଏକ ଅସଂଖ୍ୟ ସମୟ ନେଇଛି।,ବରମୁଣ୍ଡା ଛେନାର ଖାଦ୍ୟ,ଖରାପ,Negative
"ଚକୁଲି ପିଠା ଏବଂ ଜଗନ୍ନାଥ ଭୋଗର ଖାଦ୍ୟ ପ୍ରସ୍ତୁତିକାରୀ ନାହିଁ, ମଧ୍ୟମ ଲାଗିଲା।",ଚକୁଲି ପିଠା,ସାଧାରଣ,Neutral
"ଚକୁଲି ପିଠା ଏବଂ ଜଗନ୍ନାଥ ଭୋଗର ଖାଦ୍ୟ ପ୍ରସ୍ତୁତିକାରୀ ନାହିଁ, ମଧ୍ୟମ ଲାଗିଲା।",ଜଗନ୍ନାଥ ଭୋଗର ଖାଦ୍ୟ,ସାଧାରଣ,Neutral
ଓଡ଼ିଆ ଧୂପ ଏବଂ ମିଠା ଏକ ନବିନ ଅନୁଭବ ଦେଇଥିଲା।,ଓଡ଼ିଆ ଧୂପ,ଭଲ,Positive
ଓଡ଼ିଆ ଧୂପ ଏବଂ ମିଠା ଏକ ନବିନ ଅନୁଭବ ଦେଇଥିଲା।,ମିଠା,ଭଲ,Positive
ପିଠାପୁରର ଚେନା ପୋଡ଼ା ଆମ୍ଭୁଏ ନଖାଇ ପାରିବା।,ପିଠାପୁରର ଚେନା ପୋଡ଼ା,ଖରାପ,Negative
ବରିପଦା ଖାଯ୍ୟ ସଜାଇବାର ଉତ୍ତମ ପଦାର୍ଥ।,ବରିପଦା ଖାଯ୍ୟ,ଭଲ,Positive
ବାଲେଶ୍ୱରର ପିଠା ସ୍ୱାଦରେ କମ୍ ତାମାର ଗୁଣବତା ଥିଲା।,ବାଲେଶ୍ୱରର ପିଠା ସ୍ୱାଦ,ସାଧାରଣ,Neutral
ବାଲେଶ୍ୱରର ନଡ଼ିଆ ଖୁରୁମା ଏକ ସ୍ୱାଦିଷ୍ଟ ଅଭିଜ୍ଞତା।,ବାଲେଶ୍ୱରର ନଡ଼ିଆ ଖୁରୁମା,ଭଲ,Positive
ରାଉରକେଲାର ତରକାରୀ ଏବଂ ଖାଦ୍ୟ ଆମକୁ ଗୋଟେ ସାଧାରଣ ଅନୁଭବ ଦେଇଛି।,ରାଉରକେଲାର ତରକାରୀ ,ସାଧାରଣ,Neutral
ରାଉରକେଲାର ତରକାରୀ ଏବଂ ଖାଦ୍ୟ ଆମକୁ ଗୋଟେ ସାଧାରଣ ଅନୁଭବ ଦେଇଛି।,ଖାଦ୍ୟ,ସାଧାରଣ,Neutral
ତାମାର ଲଡୁ ବହୁତ ନରମ ଥିଲା।,ତାମାର ଲଡୁ,ଖରାପ,Negative
ଶ୍ରୀଯୁକ୍ତ ପଞ୍ଚମୀ ଆମ୍ବ ପକାମଠା ସବୁଠାରୁ ଭଲ ଥିଲା।,ଶ୍ରୀଯୁକ୍ତ ପଞ୍ଚମୀ ଆମ୍ବ ପକାମଠା,ଭଲ,Positive
ବଡ଼ ଗାଁର ମଢ଼ି ଚାଟ ଏକ ଅସାଧାରଣ ଖାଯ୍ୟ।,ବଡ଼ ଗାଁର ମଢ଼ି ଚାଟ,ଭଲ,Positive
କଟକର ପାକର ମିଠା ଖାଇବା ପାଇଁ ଅତ୍ୟନ୍ତ ଭଲ।,କଟକର ପାକର ମିଠା,ଭଲ,Positive
ବ୍ରାହ୍ମଣରାଜଖୋଡ଼ର ପକାମଠା ସବୁଠାରୁ ଖରାପ।,ବ୍ରାହ୍ମଣରାଜଖୋଡ଼ର ପକାମଠା,ଖରାପ,Negative
ଭୁବନେଶ୍ୱରର ମାଛ ତରକାରୀ ସାଧାରଣ ତଥା ମାନଙ୍କୁ ଦେଖିବାକୁ ଏକ ପ୍ରସାଙ୍ଗ ଲାଗିଲା।,ଭୁବନେଶ୍ୱରର ମାଛ ତରକାରୀ,ସାଧାରଣ,Neutral
ବରିପଦାର ଦାହିବରା ସାଧାରଣ ହୋଇ ଗଲା।,ବରିପଦାର,ସାଧାରଣ,Neutral
ଗଞ୍ଜାମର ଚାନା ଝିଲି ବେଶ ତିତ୍ତି ଥିଲା।,ଗଞ୍ଜାମର ଚାନା ଝିଲି,ଖରାପ,Negative
ପୁରୀର ଓଡ଼ିଆ ଖାଦ୍ୟର ଗୁଣବତା ନିଶ୍ଚିତ ନ ଥିଲା।,ପୁରୀର ଓଡ଼ିଆ ଖାଦ୍ୟର ଗୁଣବତା,ସାଧାରଣ,Neutral
ମୁଖର ସ୍ୱାଦ ଆଉ ଚାକୁରିର ପ୍ରସ୍ତୁତି ଆକର୍ଷକ ନ ଥିଲା।,ମୁଖର ସ୍ୱାଦ,ଖରାପ,Negative
ମୁଖର ସ୍ୱାଦ ଆଉ ଚାକୁରିର ପ୍ରସ୍ତୁତି ଆକର୍ଷକ ନ ଥିଲା।,ଚାକୁରିର ପ୍ରସ୍ତୁତି,ଖରାପ,Negative
ଇତିକି ପ୍ରସାଦର ଖେସା ଚକରି ବହୁତ ସ୍ୱାଦିଷ୍ଟ ନାହିଁ।,ଇତିକି ପ୍ରସାଦର ଖେସା ଚକରି,ଖରାପ,Negative
ଚିତ୍ତ୍ରୋଟପୁର କୁଟକା ସୁତାହୁଡ଼ି ସବୁ ଆପଣଙ୍କୁ ମନଭାଲା ହେବ।,ଚିତ୍ତ୍ରୋଟପୁର କୁଟକା ସୁତାହୁଡ଼ି,ଭଲ,Positive
ଚଡ଼଼ିଯାର ମୋହନ ଭୋଗର ତିଆରି ବହୁତ ଭଲ ଥିଲା।,ଚଡ଼଼ିଯାର ମୋହନ ଭୋଗର ତିଆରି,ଭଲ,Positive
ଗରମ ମିଶ୍ରଣ ଭୋଜନ ସହ ସ୍ୱାଦିଷ୍ଟ ହୁଏ।,ଗରମ ମିଶ୍ରଣ,ଭଲ,Positive
ଆମ୍ବ ଆଚାର ଅତ୍ୟଧିକ ମସଲାଦାର।,ଆମ୍ବ ଆଚାର,ଭଲ,Positive
ଟମାଟୋ ଆଚାର ଭୋଜନର ରସନା ରୁଚିକୁ ଉନ୍ନତ କରେ।,ଟମାଟୋ ଆଚାର,ଭଲ,Positive
ମାଛ ଆଚାର ଗରମ ଭାତ ସହ ଚମତ୍କାର।,ମାଛ ଆଚାର,ଭଲ,Positive
ନଡ଼ିଆ ଲଡ଼ୁ ପ୍ରକୃତିକ ସ୍ୱାଦ ଅନୁଭବ କରାଏ।,ନଡ଼ିଆ ଲଡ଼ୁ,ଭଲ,Positive
ଘିଉ ମିଶ୍ରଣ ଭଲ ସ୍ନାକ୍ସ ଏବଂ ପୋଷ୍ଟିକାର।,ଘିଉ ମିଶ୍ରଣ,ଭଲ,Positive
ନଡ଼ିଆ ପାକୁଡ଼ି ଗୁଣାସମ୍ପନ୍ନ ଏବଂ ଖାଦ୍ୟସାଜା।,ନଡ଼ିଆ ପାକୁଡ଼ି,ଭଲ,Positive
ବାଦାମ ମିଶ୍ରଣ ଗରମ ଚା ସହିତ ସର୍ବଶ୍ରେଷ୍ଠ।,ବାଦାମ ମିଶ୍ରଣ,ଭଲ,Positive
ଖଟା ଆଚାର ଭୋଜନକୁ ରୋମାଞ୍ଚକ କରେ।,ଖଟା ଆଚାର,ଭଲ,Positive
ବୋନ୍ଦା ମିଶ୍ରଣ ମିଠା ଏବଂ କ୍ରିସ୍ପି।,ବୋନ୍ଦା ମିଶ୍ରଣ,ଭଲ,Positive
ମୁଢ଼ି ମିଶ୍ରଣ ଖାଇବାକୁ ହାଲୁକା ଏବଂ ସୁସାଦୁ।,ମୁଢ଼ି ମିଶ୍ରଣ,ଭଲ,Positive
ଆଉଲ ଆଚାର ପ୍ରତ୍ୟେକ ଭୋଜନର ସହିତ ସାଜାରେ ଆସେ।,ଆଉଲ ଆଚାର,ଭଲ,Positive
ଶୁଖୁଆ ଆଚାର ସ୍ୱାଦକୁ ମଜବୁତ କରେ।,ଶୁଖୁଆ ଆଚାର,ଭଲ,Positive
ଝୁଡ଼ଙ୍ଗା ଆଚାର ଖାଇବାରେ ଅଦ୍ଭୁତ।,ଝୁଡ଼ଙ୍ଗା ଆଚାର,ଭଲ,Positive
ଚନା ଚୁଡ଼ା ଭଲ ସ୍ନାକ୍ସ ଏବଂ ସ୍ୱାଦିଷ୍ଟ।,ଚନା ଚୁଡ଼ା,ଭଲ,Positive
କଛେଳା ଆଚାର ପ୍ରାକୃତିକ ଓ ଖଟା ହୁଏ।,କଛେଳା ଆଚାର,ସାଧାରଣ,Neutral
ଜିରା ଆଚାର ଖାଦ୍ୟର ସ୍ୱାଦ ବଢ଼ାଏ।,ଜିରା ଆଚାର,ଭଲ,Positive
ମସୁର ଡାଲ ଆଚାର ଖାଇବାକୁ ଏକ ଅଲଗା ଅନୁଭବ।,ମସୁର ଡାଲ ଆଚାର,ସାଧାରଣ,Neutral
ତେଲ ଆଚାର ଭୋଜନ ସହ ଖାଇଲେ ମଜା ଆସେ।,ତେଲ ଆଚାର,ଭଲ,Positive
ପିଆଜ ଆଚାର ନିମନ୍ତେ ନିଆଁ ଭୋଗ୍ୟ।,ପିଆଜ ଆଚାର,ଭଲ,Positive
ଧାନିଆ ପତ୍ର ଆଚାର ସୁଗନ୍ଧ ଏବଂ ସ୍ୱାଦରେ ଉତ୍ତମ।,ଧାନିଆ ପତ୍ର ଆଚାର,ଭଲ,Positive
ଶୁଖୁଆ ମାଛ ଆଚାର ସମୂହରେ ପ୍ରସିଦ୍ଧ।,ଶୁଖୁଆ ମାଛ ଆଚାର,ଭଲ,Positive
ନିମ ଆଚାର ସ୍ୱାଦରେ ଖଟା ଓ ପୃଥକ।,ନିମ ଆଚାର,ସାଧାରଣ,Neutral
ଲଙ୍କା ଆଚାର ସ୍ପାଇସି ହୋଇଥାଏ।,ଲଙ୍କା ଆଚାର,ସାଧାରଣ,Neutral
ଘିଉ ଚକ୍କା ମିଶ୍ରଣ ରାତିର ଭୋଜନରେ ସ୍ୱାଦିଷ୍ଟ।,ଘିଉ ଚକ୍କା ମିଶ୍ରଣ,ଭଲ,Positive
ଗରମ ମସଲା ଆଚାର ଖାଇଲେ ଆନନ୍ଦ ଲାଗେ।,ଗରମ ମସଲା ଆଚାର,ଭଲ,Positive
କନ୍ଦ ଆଚାର ମୃଦୁ ଏବଂ ସୁମଧୁର।,କନ୍ଦ ଆଚାର,ସାଧାରଣ,Neutral
ବର୍ଷା ଆଚାର ପରମ୍ପରା ଏବଂ ସ୍ୱାଦିଷ୍ଟ।,ବର୍ଷା ଆଚାର,ଭଲ,Positive
ଚିନ୍ଚା ଆଚାର ଭୋଜନ ସହ ଖାଇବାକୁ ଦୁଃସାଧ୍ୟ ଲାଗେ।,ଚିନ୍ଚା ଆଚାର,ଖରାପ,Negative
ତେଲ ମିଶ୍ରଣ ପ୍ରସିଦ୍ଧ ଏବଂ ପ୍ରିୟ।,ତେଲ ମିଶ୍ରଣ,ଭଲ,Positive
